Symbol,Timeframe,Strategy,Total PnL,Trade Count
DOGE/USDT,1m,v1,-0.009054,10
DOGE/USDT,1m,v2,-0.009871,9
DOGE/USDT,1m,v3,-0.014214,17
DOGE/USDT,1m,v4,-0.019624,34
DOGE/USDT,1m,v5,-0.025862,38
DOGE/USDT,1m,v6,-0.009403,19
DOGE/USDT,1m,v7,-0.008419,9
DOGE/USDT,3m,v1,-0.011104,10
DOGE/USDT,3m,v2,-0.009371,5
DOGE/USDT,3m,v3,-0.019643,16
DOGE/USDT,3m,v4,-0.02093,29
DOGE/USDT,3m,v5,-0.032047,42
DOGE/USDT,3m,v6,-0.029951,25
DOGE/USDT,3m,v7,-0.016935,9
DOGE/USDT,5m,v1,-0.003009,6
DOGE/USDT,5m,v2,-0.005173,5
DOGE/USDT,5m,v3,-0.005213,11
DOGE/USDT,5m,v4,-0.004431,30
DOGE/USDT,5m,v5,-0.015302,37
DOGE/USDT,5m,v6,-0.002461,17
DOGE/USDT,5m,v7,-0.013768,11
1000PEPE/USDT,1m,v1,-3.3e-05,7
1000PEPE/USDT,1m,v2,-0.000296,5
1000PEPE/USDT,1m,v3,-0.000512,17
1000PEPE/USDT,1m,v4,-0.000639,29
1000PEPE/USDT,1m,v5,-0.001292,39
1000PEPE/USDT,1m,v6,-0.00105,27
1000PEPE/USDT,1m,v7,-8.1e-05,5
1000PEPE/USDT,3m,v1,9.1e-05,10
1000PEPE/USDT,3m,v2,-0.000134,4
1000PEPE/USDT,3m,v3,-0.000135,17
1000PEPE/USDT,3m,v4,-0.000185,20
1000PEPE/USDT,3m,v5,-0.001674,47
1000PEPE/USDT,3m,v6,-0.000958,23
1000PEPE/USDT,3m,v7,-0.000372,7
1000PEPE/USDT,5m,v1,0.000376,10
1000PEPE/USDT,5m,v2,-4.7e-05,4
1000PEPE/USDT,5m,v3,-0.000222,15
1000PEPE/USDT,5m,v4,-0.000713,22
1000PEPE/USDT,5m,v5,-0.001247,38
1000PEPE/USDT,5m,v6,-0.000315,18
1000PEPE/USDT,5m,v7,-0.000316,7
SHIB/USDT,1m,v1,-0.0,8
SHIB/USDT,1m,v2,-0.0,3
SHIB/USDT,1m,v3,-0.0,15
SHIB/USDT,1m,v4,-1e-06,22
SHIB/USDT,1m,v5,-2e-06,41
SHIB/USDT,1m,v6,-1e-06,17
SHIB/USDT,1m,v7,-0.0,9
SHIB/USDT,3m,v1,-1e-06,7
SHIB/USDT,3m,v2,-0.0,3
SHIB/USDT,3m,v3,-0.0,12
SHIB/USDT,3m,v4,-1e-06,24
SHIB/USDT,3m,v5,-2e-06,39
SHIB/USDT,3m,v6,-1e-06,17
SHIB/USDT,3m,v7,-0.0,9
SHIB/USDT,5m,v1,0.0,5
SHIB/USDT,5m,v2,0.0,2
SHIB/USDT,5m,v3,-1e-06,16
SHIB/USDT,5m,v4,-0.0,23
SHIB/USDT,5m,v5,-2e-06,46
SHIB/USDT,5m,v6,-2e-06,22
SHIB/USDT,5m,v7,-0.0,6
FLOKI/USDT,1m,v1,-6e-06,14
FLOKI/USDT,1m,v2,-4e-06,8
FLOKI/USDT,1m,v3,-8e-06,21
FLOKI/USDT,1m,v4,-5e-06,22
FLOKI/USDT,1m,v5,-1.3e-05,43
FLOKI/USDT,1m,v6,-1e-05,26
FLOKI/USDT,1m,v7,-4e-06,9
FLOKI/USDT,3m,v1,-3e-06,9
FLOKI/USDT,3m,v2,-1e-06,4
FLOKI/USDT,3m,v3,-6e-06,19
FLOKI/USDT,3m,v4,-5e-06,19
FLOKI/USDT,3m,v5,-1.9e-05,44
FLOKI/USDT,3m,v6,-1.7e-05,26
FLOKI/USDT,3m,v7,-3e-06,8
FLOKI/USDT,5m,v1,-7e-06,11
FLOKI/USDT,5m,v2,-0.0,5
FLOKI/USDT,5m,v3,-1.1e-05,21
FLOKI/USDT,5m,v4,-8e-06,25
FLOKI/USDT,5m,v5,-1.5e-05,43
FLOKI/USDT,5m,v6,-1.2e-05,23
FLOKI/USDT,5m,v7,-2e-06,7
BTC/USDT,1m,v1,-5343.451251,14
BTC/USDT,1m,v2,-2414.708768,6
BTC/USDT,1m,v3,-7265.367184,20
BTC/USDT,1m,v4,-11838.320808,35
BTC/USDT,1m,v5,-15609.350149,47
BTC/USDT,1m,v6,-6191.04145,22
BTC/USDT,1m,v7,-3039.941729,9
BTC/USDT,3m,v1,1837.423864,6
BTC/USDT,3m,v2,-1395.88266,3
BTC/USDT,3m,v3,-1910.001031,15
BTC/USDT,3m,v4,-11097.500586,30
BTC/USDT,3m,v5,-10872.162089,39
BTC/USDT,3m,v6,-1808.542257,15
BTC/USDT,3m,v7,-782.611653,7
BTC/USDT,5m,v1,-2524.657031,10
BTC/USDT,5m,v2,-1500.670601,6
BTC/USDT,5m,v3,-4098.847124,16
BTC/USDT,5m,v4,-9456.291187,23
BTC/USDT,5m,v5,-13759.152744,43
BTC/USDT,5m,v6,-674.699893,15
BTC/USDT,5m,v7,-5385.847381,12
ETH/USDT,1m,v1,-91.970438,7
ETH/USDT,1m,v2,-71.974886,6
ETH/USDT,1m,v3,-227.173163,17
ETH/USDT,1m,v4,-278.787246,22
ETH/USDT,1m,v5,-566.103619,44
ETH/USDT,1m,v6,-271.145234,22
ETH/USDT,1m,v7,-122.216466,8
ETH/USDT,3m,v1,-153.636084,10
ETH/USDT,3m,v2,-17.967317,4
ETH/USDT,3m,v3,-272.043204,17
ETH/USDT,3m,v4,-286.068374,20
ETH/USDT,3m,v5,-857.049757,54
ETH/USDT,3m,v6,-367.180428,22
ETH/USDT,3m,v7,-48.366533,7
ETH/USDT,5m,v1,-166.554607,10
ETH/USDT,5m,v2,-135.200006,5
ETH/USDT,5m,v3,-162.984745,18
ETH/USDT,5m,v4,-286.515366,31
ETH/USDT,5m,v5,-261.514129,31
ETH/USDT,5m,v6,-338.282856,20
ETH/USDT,5m,v7,-191.757373,11
BNB/USDT,1m,v1,-28.360991,12
BNB/USDT,1m,v2,-14.75018,5
BNB/USDT,1m,v3,-63.957144,22
BNB/USDT,1m,v4,-74.682289,28
BNB/USDT,1m,v5,-124.067895,45
BNB/USDT,1m,v6,-68.878801,25
BNB/USDT,1m,v7,-27.466839,11
BNB/USDT,3m,v1,-16.945881,10
BNB/USDT,3m,v2,-19.348337,5
BNB/USDT,3m,v3,-26.149871,16
BNB/USDT,3m,v4,-79.336067,30
BNB/USDT,3m,v5,-116.838866,41
BNB/USDT,3m,v6,-58.064299,22
BNB/USDT,3m,v7,-13.690949,7
BNB/USDT,5m,v1,-25.470779,10
BNB/USDT,5m,v2,-20.432693,6
BNB/USDT,5m,v3,-56.430369,19
BNB/USDT,5m,v4,-93.080334,32
BNB/USDT,5m,v5,-91.105457,36
BNB/USDT,5m,v6,-68.865025,22
BNB/USDT,5m,v7,-20.092956,9
SOL/USDT,1m,v1,-1.622574,9
SOL/USDT,1m,v2,-1.37747,7
SOL/USDT,1m,v3,-4.784209,17
SOL/USDT,1m,v4,-16.669448,22
SOL/USDT,1m,v5,-18.950561,36
SOL/USDT,1m,v6,-11.429229,22
SOL/USDT,1m,v7,-8.5106,12
SOL/USDT,3m,v1,-7.397127,12
SOL/USDT,3m,v2,-8.73358,7
SOL/USDT,3m,v3,-11.638569,18
SOL/USDT,3m,v4,-24.511861,29
SOL/USDT,3m,v5,-17.630587,37
SOL/USDT,3m,v6,-4.708071,18
SOL/USDT,3m,v7,-4.446092,10
SOL/USDT,5m,v1,-5.209711,11
SOL/USDT,5m,v2,10.332506,4
SOL/USDT,5m,v3,-7.055364,18
SOL/USDT,5m,v4,-15.698783,26
SOL/USDT,5m,v5,-15.351604,34
SOL/USDT,5m,v6,-1.895476,17
SOL/USDT,5m,v7,10.176714,8
XRP/USDT,1m,v1,-0.087631,11
XRP/USDT,1m,v2,-0.044846,4
XRP/USDT,1m,v3,-0.204203,20
XRP/USDT,1m,v4,-0.271789,29
XRP/USDT,1m,v5,-0.329692,40
XRP/USDT,1m,v6,-0.185563,22
XRP/USDT,1m,v7,-0.068797,9
XRP/USDT,3m,v1,-0.084436,10
XRP/USDT,3m,v2,-0.114614,11
XRP/USDT,3m,v3,-0.114479,13
XRP/USDT,3m,v4,-0.205682,27
XRP/USDT,3m,v5,-0.402268,43
XRP/USDT,3m,v6,-0.202458,23
XRP/USDT,3m,v7,0.008489,7
XRP/USDT,5m,v1,-0.041556,8
XRP/USDT,5m,v2,-0.033254,6
XRP/USDT,5m,v3,-0.041483,18
XRP/USDT,5m,v4,-0.166666,23
XRP/USDT,5m,v5,-0.469797,47
XRP/USDT,5m,v6,-0.184965,23
XRP/USDT,5m,v7,-0.033191,9
LINK/USDT,1m,v1,-1.389562,13
LINK/USDT,1m,v2,-0.667154,7
LINK/USDT,1m,v3,-1.783171,21
LINK/USDT,1m,v4,-1.837949,25
LINK/USDT,1m,v5,-2.382594,33
LINK/USDT,1m,v6,-1.435487,21
LINK/USDT,1m,v7,-1.085575,9
LINK/USDT,3m,v1,-0.415842,9
LINK/USDT,3m,v2,-0.826253,5
LINK/USDT,3m,v3,-1.40875,21
LINK/USDT,3m,v4,-1.654427,19
LINK/USDT,3m,v5,-4.893637,51
LINK/USDT,3m,v6,-1.881106,20
LINK/USDT,3m,v7,-1.73107,11
LINK/USDT,5m,v1,-1.626613,9
LINK/USDT,5m,v2,-0.258407,4
LINK/USDT,5m,v3,-1.118559,19
LINK/USDT,5m,v4,-1.890606,23
LINK/USDT,5m,v5,-5.494231,51
LINK/USDT,5m,v6,-2.786226,24
LINK/USDT,5m,v7,-0.577832,7
MATIC/USDT,1m,v1,-0.005921,9
MATIC/USDT,1m,v2,0.005092,3
MATIC/USDT,1m,v3,-0.010024,16
MATIC/USDT,1m,v4,-0.029431,23
MATIC/USDT,1m,v5,-0.050602,45
MATIC/USDT,1m,v6,-0.015535,18
MATIC/USDT,1m,v7,-0.01136,12
MATIC/USDT,3m,v1,-0.006544,4
MATIC/USDT,3m,v2,-0.014642,7
MATIC/USDT,3m,v3,-0.023398,15
MATIC/USDT,3m,v4,-0.027858,31
MATIC/USDT,3m,v5,-0.06563,47
MATIC/USDT,3m,v6,-0.028137,20
MATIC/USDT,3m,v7,-0.025814,11
MATIC/USDT,5m,v1,-0.020662,9
MATIC/USDT,5m,v2,-0.014496,6
MATIC/USDT,5m,v3,-0.02664,14
MATIC/USDT,5m,v4,-0.039996,34
MATIC/USDT,5m,v5,-0.027707,29
MATIC/USDT,5m,v6,-0.030555,23
MATIC/USDT,5m,v7,-0.020578,9
TRX/USDT,1m,v1,-0.005615,6
TRX/USDT,1m,v2,0.001483,2
TRX/USDT,1m,v3,-0.015275,16
TRX/USDT,1m,v4,-0.019442,20
TRX/USDT,1m,v5,-0.046876,44
TRX/USDT,1m,v6,-0.02077,18
TRX/USDT,1m,v7,-0.006146,6
TRX/USDT,3m,v1,-0.004923,8
TRX/USDT,3m,v2,0.000828,3
TRX/USDT,3m,v3,-0.008557,15
TRX/USDT,3m,v4,-0.02568,25
TRX/USDT,3m,v5,-0.036712,39
TRX/USDT,3m,v6,-0.005734,13
TRX/USDT,3m,v7,0.00281,4
TRX/USDT,5m,v1,-0.014068,9
TRX/USDT,5m,v2,-0.011579,7
TRX/USDT,5m,v3,-0.014281,12
TRX/USDT,5m,v4,-0.027782,24
TRX/USDT,5m,v5,-0.027133,35
TRX/USDT,5m,v6,-0.018146,21
TRX/USDT,5m,v7,-0.007576,7
APT/USDT,1m,v1,-0.178093,11
APT/USDT,1m,v2,-0.10252,5
APT/USDT,1m,v3,-0.324068,22
APT/USDT,1m,v4,-0.316533,26
APT/USDT,1m,v5,-0.574316,41
APT/USDT,1m,v6,-0.389546,27
APT/USDT,1m,v7,-0.21024,13
APT/USDT,3m,v1,-0.165876,6
APT/USDT,3m,v2,-0.022338,1
APT/USDT,3m,v3,-0.183199,19
APT/USDT,3m,v4,-0.381645,19
APT/USDT,3m,v5,-0.811892,49
APT/USDT,3m,v6,-0.246602,19
APT/USDT,3m,v7,-0.106227,7
APT/USDT,5m,v1,-0.016723,5
APT/USDT,5m,v2,-0.224633,7
APT/USDT,5m,v3,-0.398891,21
APT/USDT,5m,v4,-0.418677,27
APT/USDT,5m,v5,-0.384564,35
APT/USDT,5m,v6,-0.284174,24
APT/USDT,5m,v7,0.000241,4
SUI/USDT,1m,v1,-0.131489,13
SUI/USDT,1m,v2,-0.039014,6
SUI/USDT,1m,v3,-0.204054,18
SUI/USDT,1m,v4,-0.352318,37
SUI/USDT,1m,v5,-0.312824,34
SUI/USDT,1m,v6,-0.287366,28
SUI/USDT,1m,v7,-0.045911,4
SUI/USDT,3m,v1,0.147864,8
SUI/USDT,3m,v2,0.201474,6
SUI/USDT,3m,v3,0.104233,13
SUI/USDT,3m,v4,-0.400354,28
SUI/USDT,3m,v5,-0.296631,40
SUI/USDT,3m,v6,-0.022382,18
SUI/USDT,3m,v7,0.120441,6
SUI/USDT,5m,v1,-0.21073,11
SUI/USDT,5m,v2,-0.111133,4
SUI/USDT,5m,v3,-0.338569,16
SUI/USDT,5m,v4,-0.375585,31
SUI/USDT,5m,v5,-0.072619,31
SUI/USDT,5m,v6,-0.030986,19
SUI/USDT,5m,v7,-0.016912,8
WIF/USDT,1m,v1,-0.062835,15
WIF/USDT,1m,v2,-0.015938,5
WIF/USDT,1m,v3,-0.069702,18
WIF/USDT,1m,v4,-0.038087,28
WIF/USDT,1m,v5,-0.132923,46
WIF/USDT,1m,v6,-0.078858,23
WIF/USDT,1m,v7,-0.01678,5
WIF/USDT,3m,v1,0.04676,5
WIF/USDT,3m,v2,-0.021067,3
WIF/USDT,3m,v3,-0.015799,13
WIF/USDT,3m,v4,-0.060161,24
WIF/USDT,3m,v5,-0.180855,48
WIF/USDT,3m,v6,-0.120101,22
WIF/USDT,3m,v7,-0.026105,9
WIF/USDT,5m,v1,-0.009524,12
WIF/USDT,5m,v2,-0.028356,3
WIF/USDT,5m,v3,-0.00641,20
WIF/USDT,5m,v4,-0.067455,22
WIF/USDT,5m,v5,-0.254598,51
WIF/USDT,5m,v6,-0.08994,20
WIF/USDT,5m,v7,-0.01504,9
ORDI/USDT,1m,v1,0.759612,6
ORDI/USDT,1m,v2,-0.320979,5
ORDI/USDT,1m,v3,0.694862,15
ORDI/USDT,1m,v4,-0.579586,19
ORDI/USDT,1m,v5,-1.087218,39
ORDI/USDT,1m,v6,-0.196457,20
ORDI/USDT,1m,v7,0.10936,7
ORDI/USDT,3m,v1,0.49368,5
ORDI/USDT,3m,v2,-0.201467,3
ORDI/USDT,3m,v3,0.423616,14
ORDI/USDT,3m,v4,-0.859539,25
ORDI/USDT,3m,v5,-0.797506,43
ORDI/USDT,3m,v6,-0.687482,22
ORDI/USDT,3m,v7,0.375635,6
ORDI/USDT,5m,v1,-0.61731,11
ORDI/USDT,5m,v2,-0.55789,6
ORDI/USDT,5m,v3,0.00186,15
ORDI/USDT,5m,v4,-1.141752,28
ORDI/USDT,5m,v5,-0.582941,34
ORDI/USDT,5m,v6,-1.224181,21
ORDI/USDT,5m,v7,-0.118642,8
TIA/USDT,1m,v1,-0.081222,11
TIA/USDT,1m,v2,-0.019838,4
TIA/USDT,1m,v3,-0.127155,18
TIA/USDT,1m,v4,-0.04338,25
TIA/USDT,1m,v5,-0.276355,43
TIA/USDT,1m,v6,-0.233368,30
TIA/USDT,1m,v7,-0.034958,10
TIA/USDT,3m,v1,0.200662,4
TIA/USDT,3m,v2,-0.038653,6
TIA/USDT,3m,v3,0.060363,9
TIA/USDT,3m,v4,0.00221,26
TIA/USDT,3m,v5,-0.216311,38
TIA/USDT,3m,v6,0.040758,14
TIA/USDT,3m,v7,-0.036956,9
TIA/USDT,5m,v1,-0.136068,8
TIA/USDT,5m,v2,-0.078014,4
TIA/USDT,5m,v3,0.020218,17
TIA/USDT,5m,v4,-0.065116,27
TIA/USDT,5m,v5,-0.183725,40
TIA/USDT,5m,v6,-0.153027,20
TIA/USDT,5m,v7,0.088615,5
ARKM/USDT,1m,v1,-0.015339,8
ARKM/USDT,1m,v2,-0.014237,3
ARKM/USDT,1m,v3,-0.040756,15
ARKM/USDT,1m,v4,-0.019402,30
ARKM/USDT,1m,v5,-0.080218,36
ARKM/USDT,1m,v6,-0.035775,20
ARKM/USDT,1m,v7,-0.005647,8
ARKM/USDT,3m,v1,-0.033473,11
ARKM/USDT,3m,v2,-0.062737,10
ARKM/USDT,3m,v3,-0.035314,15
ARKM/USDT,3m,v4,0.091374,28
ARKM/USDT,3m,v5,0.00431,32
ARKM/USDT,3m,v6,-0.017313,19
ARKM/USDT,3m,v7,-0.015858,7
ARKM/USDT,5m,v1,0.124493,8
ARKM/USDT,5m,v2,0.003189,10
ARKM/USDT,5m,v3,0.081863,12
ARKM/USDT,5m,v4,0.042241,24
ARKM/USDT,5m,v5,-0.068829,33
ARKM/USDT,5m,v6,-0.14655,24
ARKM/USDT,5m,v7,0.080536,6
AVAX/USDT,1m,v1,0.161875,11
AVAX/USDT,1m,v2,-0.484302,5
AVAX/USDT,1m,v3,-0.574024,18
AVAX/USDT,1m,v4,-2.648748,32
AVAX/USDT,1m,v5,-2.756581,40
AVAX/USDT,1m,v6,-0.546237,21
AVAX/USDT,1m,v7,-0.128854,7
AVAX/USDT,3m,v1,1.741026,6
AVAX/USDT,3m,v2,1.829181,4
AVAX/USDT,3m,v3,0.260774,12
AVAX/USDT,3m,v4,-2.349811,31
AVAX/USDT,3m,v5,-2.170066,35
AVAX/USDT,3m,v6,0.175214,14
AVAX/USDT,3m,v7,1.291979,7
AVAX/USDT,5m,v1,-0.851502,10
AVAX/USDT,5m,v2,-0.752283,3
AVAX/USDT,5m,v3,-0.603474,20
AVAX/USDT,5m,v4,-4.385878,32
AVAX/USDT,5m,v5,-2.060554,35
AVAX/USDT,5m,v6,-0.152164,15
AVAX/USDT,5m,v7,-0.986041,8
SEI/USDT,1m,v1,-0.006592,9
SEI/USDT,1m,v2,-0.003409,3
SEI/USDT,1m,v3,-0.021271,24
SEI/USDT,1m,v4,-0.020026,25
SEI/USDT,1m,v5,-0.040456,40
SEI/USDT,1m,v6,-0.020637,22
SEI/USDT,1m,v7,-0.002429,3
SEI/USDT,3m,v1,-0.008307,7
SEI/USDT,3m,v2,0.000759,3
SEI/USDT,3m,v3,-0.006586,18
SEI/USDT,3m,v4,-0.008432,19
SEI/USDT,3m,v5,-0.04807,41
SEI/USDT,3m,v6,-0.036492,21
SEI/USDT,3m,v7,-0.00079,11
SEI/USDT,5m,v1,-0.003644,8
SEI/USDT,5m,v2,-0.014077,4
SEI/USDT,5m,v3,0.002818,17
SEI/USDT,5m,v4,-0.017699,19
SEI/USDT,5m,v5,-0.022177,32
SEI/USDT,5m,v6,-0.015004,19
SEI/USDT,5m,v7,-0.002232,9
RAY/USDT,1m,v1,-0.117855,8
RAY/USDT,1m,v2,-0.051867,3
RAY/USDT,1m,v3,-0.079182,11
RAY/USDT,1m,v4,-0.309145,30
RAY/USDT,1m,v5,-0.19271,30
RAY/USDT,1m,v6,-0.31904,26
RAY/USDT,1m,v7,-0.091094,8
RAY/USDT,3m,v1,-0.233436,9
RAY/USDT,3m,v2,-0.18265,7
RAY/USDT,3m,v3,-0.145745,12
RAY/USDT,3m,v4,-0.261481,29
RAY/USDT,3m,v5,-0.327873,40
RAY/USDT,3m,v6,-0.33719,23
RAY/USDT,3m,v7,-0.067638,9
RAY/USDT,5m,v1,0.158711,10
RAY/USDT,5m,v2,-0.202162,6
RAY/USDT,5m,v3,-0.065036,19
RAY/USDT,5m,v4,-0.268866,30
RAY/USDT,5m,v5,-0.425953,42
RAY/USDT,5m,v6,-0.055425,18
RAY/USDT,5m,v7,0.106776,8
MYX/USDT,1m,v1,-1.861528,9
MYX/USDT,1m,v2,-0.874536,5
MYX/USDT,1m,v3,-0.647267,15
MYX/USDT,1m,v4,-4.201335,28
MYX/USDT,1m,v5,0.072817,27
MYX/USDT,1m,v6,-2.257094,17
MYX/USDT,1m,v7,-1.613675,9
MYX/USDT,3m,v1,-7.010465,10
MYX/USDT,3m,v2,-4.539852,5
MYX/USDT,3m,v3,-7.317778,14
MYX/USDT,3m,v4,-11.331207,26
MYX/USDT,3m,v5,-1.011055,33
MYX/USDT,3m,v6,-2.058599,16
MYX/USDT,3m,v7,-4.225217,7
MYX/USDT,5m,v1,1.259152,8
MYX/USDT,5m,v2,9.73439,4
MYX/USDT,5m,v3,-4.069101,14
MYX/USDT,5m,v4,11.942439,31
MYX/USDT,5m,v5,10.116148,29
MYX/USDT,5m,v6,-3.368881,14
MYX/USDT,5m,v7,7.66323,5
ADA/USDT,1m,v1,-0.011686,6
ADA/USDT,1m,v2,-0.012151,3
ADA/USDT,1m,v3,-0.042882,18
ADA/USDT,1m,v4,-0.070592,24
ADA/USDT,1m,v5,-0.102645,39
ADA/USDT,1m,v6,-0.054576,23
ADA/USDT,1m,v7,-0.030011,8
ADA/USDT,3m,v1,-0.032592,13
ADA/USDT,3m,v2,-0.000978,4
ADA/USDT,3m,v3,-0.048918,18
ADA/USDT,3m,v4,-0.047898,21
ADA/USDT,3m,v5,-0.118004,44
ADA/USDT,3m,v6,-0.050302,21
ADA/USDT,3m,v7,0.014834,8
ADA/USDT,5m,v1,-0.020719,13
ADA/USDT,5m,v2,-0.011006,7
ADA/USDT,5m,v3,0.010336,18
ADA/USDT,5m,v4,-0.025068,26
ADA/USDT,5m,v5,-0.097107,35
ADA/USDT,5m,v6,-0.071759,23
ADA/USDT,5m,v7,-0.009954,7
XLM/USDT,1m,v1,-0.017111,12
XLM/USDT,1m,v2,-0.006391,4
XLM/USDT,1m,v3,-0.025201,19
XLM/USDT,1m,v4,-0.039975,31
XLM/USDT,1m,v5,-0.053167,43
XLM/USDT,1m,v6,-0.034807,27
XLM/USDT,1m,v7,-0.010542,9
XLM/USDT,3m,v1,0.001657,7
XLM/USDT,3m,v2,0.005773,4
XLM/USDT,3m,v3,-0.001128,14
XLM/USDT,3m,v4,-0.025455,27
XLM/USDT,3m,v5,-0.037443,37
XLM/USDT,3m,v6,-0.027929,23
XLM/USDT,3m,v7,0.008907,5
XLM/USDT,5m,v1,0.007572,6
XLM/USDT,5m,v2,-0.014864,7
XLM/USDT,5m,v3,-0.00749,17
XLM/USDT,5m,v4,-0.032414,21
XLM/USDT,5m,v5,-0.020081,34
XLM/USDT,5m,v6,-0.012087,20
XLM/USDT,5m,v7,0.010415,5
TON/USDT,1m,v1,-0.096833,8
TON/USDT,1m,v2,-0.039412,3
TON/USDT,1m,v3,-0.220764,23
TON/USDT,1m,v4,-0.22602,23
TON/USDT,1m,v5,-0.414583,41
TON/USDT,1m,v6,-0.204737,19
TON/USDT,1m,v7,-0.054069,6
TON/USDT,3m,v1,-0.113148,10
TON/USDT,3m,v2,-0.047706,4
TON/USDT,3m,v3,-0.020304,15
TON/USDT,3m,v4,-0.162223,23
TON/USDT,3m,v5,-0.417641,41
TON/USDT,3m,v6,-0.240469,22
TON/USDT,3m,v7,-0.121924,11
TON/USDT,5m,v1,-0.150103,10
TON/USDT,5m,v2,-0.085157,6
TON/USDT,5m,v3,-0.297624,19
TON/USDT,5m,v4,-0.102469,25
TON/USDT,5m,v5,-0.488649,43
TON/USDT,5m,v6,-0.303949,23
TON/USDT,5m,v7,-0.251452,14
HBAR/USDT,1m,v1,-0.010648,14
HBAR/USDT,1m,v2,-0.005736,6
HBAR/USDT,1m,v3,-0.011232,17
HBAR/USDT,1m,v4,-0.024968,31
HBAR/USDT,1m,v5,-0.028107,41
HBAR/USDT,1m,v6,-0.01975,26
HBAR/USDT,1m,v7,-0.004238,7
HBAR/USDT,3m,v1,0.004244,8
HBAR/USDT,3m,v2,0.006846,5
HBAR/USDT,3m,v3,-0.000597,13
HBAR/USDT,3m,v4,-0.007817,26
HBAR/USDT,3m,v5,-0.028638,41
HBAR/USDT,3m,v6,-0.013676,20
HBAR/USDT,3m,v7,0.009288,5
HBAR/USDT,5m,v1,-0.017136,14
HBAR/USDT,5m,v2,-0.017858,10
HBAR/USDT,5m,v3,-0.022118,21
HBAR/USDT,5m,v4,-0.018393,22
HBAR/USDT,5m,v5,-0.034829,41
HBAR/USDT,5m,v6,-0.01718,21
HBAR/USDT,5m,v7,-0.002089,8
DOT/USDT,1m,v1,-0.164992,13
DOT/USDT,1m,v2,0.002918,4
DOT/USDT,1m,v3,-0.239519,21
DOT/USDT,1m,v4,-0.261965,28
DOT/USDT,1m,v5,-0.625797,46
DOT/USDT,1m,v6,-0.278793,24
DOT/USDT,1m,v7,-0.138881,12
DOT/USDT,3m,v1,-0.12904,9
DOT/USDT,3m,v2,-0.112814,7
DOT/USDT,3m,v3,-0.150425,18
DOT/USDT,3m,v4,-0.270008,27
DOT/USDT,3m,v5,-0.49259,36
DOT/USDT,3m,v6,-0.417192,21
DOT/USDT,3m,v7,-0.147209,7
DOT/USDT,5m,v1,-0.236842,9
DOT/USDT,5m,v2,-0.029764,4
DOT/USDT,5m,v3,-0.194229,14
DOT/USDT,5m,v4,-0.102882,21
DOT/USDT,5m,v5,-0.594365,42
DOT/USDT,5m,v6,-0.434413,21
DOT/USDT,5m,v7,-0.593148,18
ONDO/USDT,1m,v1,-0.000999,9
ONDO/USDT,1m,v2,-0.02169,5
ONDO/USDT,1m,v3,-0.034224,16
ONDO/USDT,1m,v4,-0.049609,31
ONDO/USDT,1m,v5,0.004405,32
ONDO/USDT,1m,v6,-0.057196,24
ONDO/USDT,1m,v7,-0.027773,12
ONDO/USDT,3m,v1,-0.05734,12
ONDO/USDT,3m,v2,0.020605,6
ONDO/USDT,3m,v3,-0.02459,17
ONDO/USDT,3m,v4,-0.002727,21
ONDO/USDT,3m,v5,-0.054609,34
ONDO/USDT,3m,v6,-0.008433,20
ONDO/USDT,3m,v7,-0.083269,11
ONDO/USDT,5m,v1,0.089427,6
ONDO/USDT,5m,v2,-0.003918,4
ONDO/USDT,5m,v3,-0.058523,16
ONDO/USDT,5m,v4,-0.037975,27
ONDO/USDT,5m,v5,-0.152896,42
ONDO/USDT,5m,v6,-0.118795,30
ONDO/USDT,5m,v7,-0.008844,5
AAVE/USDT,1m,v1,-16.20266,14
AAVE/USDT,1m,v2,-4.743764,6
AAVE/USDT,1m,v3,-8.807615,15
AAVE/USDT,1m,v4,-19.676761,25
AAVE/USDT,1m,v5,-33.075266,37
AAVE/USDT,1m,v6,-29.668816,28
AAVE/USDT,1m,v7,-5.073168,7
AAVE/USDT,3m,v1,3.198333,9
AAVE/USDT,3m,v2,-7.395065,8
AAVE/USDT,3m,v3,-5.838516,14
AAVE/USDT,3m,v4,-11.960154,26
AAVE/USDT,3m,v5,-34.663132,37
AAVE/USDT,3m,v6,-17.634482,20
AAVE/USDT,3m,v7,-5.781726,9
AAVE/USDT,5m,v1,-22.189685,10
AAVE/USDT,5m,v2,-7.355625,3
AAVE/USDT,5m,v3,-10.986945,18
AAVE/USDT,5m,v4,-25.402454,24
AAVE/USDT,5m,v5,-30.947887,38
AAVE/USDT,5m,v6,-22.82323,21
AAVE/USDT,5m,v7,-20.090403,9
PROVE/USDT,1m,v1,-0.063571,16
PROVE/USDT,1m,v2,-0.009754,5
PROVE/USDT,1m,v3,-0.144285,20
PROVE/USDT,1m,v4,-0.140458,26
PROVE/USDT,1m,v5,-0.124131,46
PROVE/USDT,1m,v6,-0.044267,21
PROVE/USDT,1m,v7,-0.073565,12
PROVE/USDT,3m,v1,-0.024823,9
PROVE/USDT,3m,v2,0.006439,6
PROVE/USDT,3m,v3,-0.071403,16
PROVE/USDT,3m,v4,-0.058326,30
PROVE/USDT,3m,v5,-0.081551,37
PROVE/USDT,3m,v6,-0.04691,20
PROVE/USDT,3m,v7,-0.064505,11
PROVE/USDT,5m,v1,0.00866,10
PROVE/USDT,5m,v2,0.01667,6
PROVE/USDT,5m,v3,-0.052923,15
PROVE/USDT,5m,v4,-0.009192,29
PROVE/USDT,5m,v5,-0.249713,52
PROVE/USDT,5m,v6,-0.034195,17
PROVE/USDT,5m,v7,-0.060118,13
TOWNS/USDT,1m,v1,-0.00136,11
TOWNS/USDT,1m,v2,-0.00063,6
TOWNS/USDT,1m,v3,-0.000983,15
TOWNS/USDT,1m,v4,-0.000886,32
TOWNS/USDT,1m,v5,-0.001878,36
TOWNS/USDT,1m,v6,-0.001993,24
TOWNS/USDT,1m,v7,-0.002007,13
TOWNS/USDT,3m,v1,-0.001839,8
TOWNS/USDT,3m,v2,-0.000761,3
TOWNS/USDT,3m,v3,-9.8e-05,13
TOWNS/USDT,3m,v4,-3e-06,29
TOWNS/USDT,3m,v5,-0.003048,41
TOWNS/USDT,3m,v6,-0.001718,20
TOWNS/USDT,3m,v7,-0.000246,6
TOWNS/USDT,5m,v1,-0.004123,11
TOWNS/USDT,5m,v2,-0.002474,3
TOWNS/USDT,5m,v3,-0.004492,18
TOWNS/USDT,5m,v4,-0.000994,24
TOWNS/USDT,5m,v5,-0.004204,41
TOWNS/USDT,5m,v6,-0.005558,26
TOWNS/USDT,5m,v7,-0.004643,12
PYR/USDT,1m,v1,-0.030149,10
PYR/USDT,1m,v2,-0.0369,8
PYR/USDT,1m,v3,-0.117894,25
PYR/USDT,1m,v4,-0.048137,30
PYR/USDT,1m,v5,-0.261707,61
PYR/USDT,1m,v6,-0.097186,22
PYR/USDT,1m,v7,-0.075343,15
PYR/USDT,3m,v1,-0.05337,12
PYR/USDT,3m,v2,-0.040191,7
PYR/USDT,3m,v3,-0.034052,17
PYR/USDT,3m,v4,-0.122938,24
PYR/USDT,3m,v5,-0.13921,41
PYR/USDT,3m,v6,-0.044739,16
PYR/USDT,3m,v7,0.010955,9
PYR/USDT,5m,v1,-0.065519,8
PYR/USDT,5m,v2,-0.032319,5
PYR/USDT,5m,v3,-0.013828,19
PYR/USDT,5m,v4,-0.15764,24
PYR/USDT,5m,v5,-0.19298,44
PYR/USDT,5m,v6,-0.065951,18
PYR/USDT,5m,v7,-0.055174,11
ILV/USDT,1m,v1,-0.261214,10
ILV/USDT,1m,v2,-0.102177,6
ILV/USDT,1m,v3,-1.186713,22
ILV/USDT,1m,v4,-0.915101,32
ILV/USDT,1m,v5,-3.138847,54
ILV/USDT,1m,v6,-1.244891,25
ILV/USDT,1m,v7,-0.320359,8
ILV/USDT,3m,v1,0.399583,6
ILV/USDT,3m,v2,-0.290095,3
ILV/USDT,3m,v3,-0.112001,17
ILV/USDT,3m,v4,-0.913045,18
ILV/USDT,3m,v5,-2.585226,45
ILV/USDT,3m,v6,-1.299303,25
ILV/USDT,3m,v7,-0.636945,9
ILV/USDT,5m,v1,-0.356648,9
ILV/USDT,5m,v2,-0.372927,5
ILV/USDT,5m,v3,-1.164277,18
ILV/USDT,5m,v4,-1.655317,23
ILV/USDT,5m,v5,-2.503479,44
ILV/USDT,5m,v6,-1.691756,25
ILV/USDT,5m,v7,-0.080826,6
EPIC/USDT,1m,v1,-0.054366,12
EPIC/USDT,1m,v2,0.0133,5
EPIC/USDT,1m,v3,-0.099744,17
EPIC/USDT,1m,v4,-0.17843,33
EPIC/USDT,1m,v5,-0.234214,41
EPIC/USDT,1m,v6,-0.164506,27
EPIC/USDT,1m,v7,-0.053761,11
EPIC/USDT,3m,v1,-0.019509,8
EPIC/USDT,3m,v2,-0.029363,2
EPIC/USDT,3m,v3,0.064908,11
EPIC/USDT,3m,v4,-0.158415,21
EPIC/USDT,3m,v5,-0.313083,45
EPIC/USDT,3m,v6,-0.016267,15
EPIC/USDT,3m,v7,-0.118613,10
EPIC/USDT,5m,v1,-0.167923,10
EPIC/USDT,5m,v2,-0.000503,2
EPIC/USDT,5m,v3,-0.22539,17
EPIC/USDT,5m,v4,-0.187159,21
EPIC/USDT,5m,v5,-0.244468,38
EPIC/USDT,5m,v6,0.012789,16
EPIC/USDT,5m,v7,-0.07704,6
AVAX/USDT,1m,v1,0.081995,11
AVAX/USDT,1m,v2,-0.484302,5
AVAX/USDT,1m,v3,-0.653904,18
AVAX/USDT,1m,v4,-2.568628,32
AVAX/USDT,1m,v5,-2.835035,40
AVAX/USDT,1m,v6,-0.626117,21
AVAX/USDT,1m,v7,-0.128854,7
AVAX/USDT,3m,v1,1.651161,6
AVAX/USDT,3m,v2,1.739316,4
AVAX/USDT,3m,v3,0.260774,12
AVAX/USDT,3m,v4,-2.349811,31
AVAX/USDT,3m,v5,-2.259931,35
AVAX/USDT,3m,v6,0.085349,14
AVAX/USDT,3m,v7,1.202114,7
AVAX/USDT,5m,v1,-0.851502,10
AVAX/USDT,5m,v2,-0.752283,3
AVAX/USDT,5m,v3,-0.683354,20
AVAX/USDT,5m,v4,-4.302418,31
AVAX/USDT,5m,v5,-2.120404,35
AVAX/USDT,5m,v6,-0.232044,15
AVAX/USDT,5m,v7,-0.986041,8
LTC/USDT,1m,v1,-6.054779,14
LTC/USDT,1m,v2,-2.81918,7
LTC/USDT,1m,v3,-7.377924,21
LTC/USDT,1m,v4,-10.292061,28
LTC/USDT,1m,v5,-15.485753,43
LTC/USDT,1m,v6,-10.995584,27
LTC/USDT,1m,v7,0.142978,4
LTC/USDT,3m,v1,-1.1471,7
LTC/USDT,3m,v2,4.394575,3
LTC/USDT,3m,v3,-3.157112,17
LTC/USDT,3m,v4,-7.300136,20
LTC/USDT,3m,v5,-9.503709,33
LTC/USDT,3m,v6,-3.191922,16
LTC/USDT,3m,v7,-6.96626,13
LTC/USDT,5m,v1,-7.956561,11
LTC/USDT,5m,v2,-5.033621,7
LTC/USDT,5m,v3,-7.538896,21
LTC/USDT,5m,v4,-9.537501,25
LTC/USDT,5m,v5,-23.023636,50
LTC/USDT,5m,v6,-10.91945,20
LTC/USDT,5m,v7,-4.873888,10
ATOM/USDT,1m,v1,-0.111119,10
ATOM/USDT,1m,v2,-0.146038,7
ATOM/USDT,1m,v3,-0.304166,20
ATOM/USDT,1m,v4,-0.26771,18
ATOM/USDT,1m,v5,-0.681242,47
ATOM/USDT,1m,v6,-0.432842,25
ATOM/USDT,1m,v7,-0.185693,10
ATOM/USDT,3m,v1,-0.232066,8
ATOM/USDT,3m,v2,-0.107961,5
ATOM/USDT,3m,v3,-0.23104,15
ATOM/USDT,3m,v4,-0.379017,22
ATOM/USDT,3m,v5,-0.679881,45
ATOM/USDT,3m,v6,-0.356033,24
ATOM/USDT,3m,v7,-0.142256,8
ATOM/USDT,5m,v1,-0.159186,8
ATOM/USDT,5m,v2,-0.127423,4
ATOM/USDT,5m,v3,-0.331056,18
ATOM/USDT,5m,v4,-0.271267,25
ATOM/USDT,5m,v5,-0.769599,42
ATOM/USDT,5m,v6,-0.324228,21
ATOM/USDT,5m,v7,-0.290406,12
APT/USDT,1m,v1,-0.178093,11
APT/USDT,1m,v2,-0.10252,5
APT/USDT,1m,v3,-0.333055,22
APT/USDT,1m,v4,-0.316533,26
APT/USDT,1m,v5,-0.586301,41
APT/USDT,1m,v6,-0.398533,27
APT/USDT,1m,v7,-0.21024,13
APT/USDT,3m,v1,-0.165876,6
APT/USDT,3m,v2,-0.022338,1
APT/USDT,3m,v3,-0.183199,19
APT/USDT,3m,v4,-0.373633,19
APT/USDT,3m,v5,-0.81988,49
APT/USDT,3m,v6,-0.25459,19
APT/USDT,3m,v7,-0.106227,7
APT/USDT,5m,v1,-0.016723,5
APT/USDT,5m,v2,-0.224633,7
APT/USDT,5m,v3,-0.405901,21
APT/USDT,5m,v4,-0.418677,27
APT/USDT,5m,v5,-0.392552,35
APT/USDT,5m,v6,-0.292162,24
APT/USDT,5m,v7,0.000241,4
ARB/USDT,1m,v1,-0.018569,12
ARB/USDT,1m,v2,-0.015221,5
ARB/USDT,1m,v3,-0.038299,20
ARB/USDT,1m,v4,-0.026344,23
ARB/USDT,1m,v5,-0.053529,35
ARB/USDT,1m,v6,-0.053658,26
ARB/USDT,1m,v7,-0.011151,5
ARB/USDT,3m,v1,0.018108,4
ARB/USDT,3m,v2,-0.008418,2
ARB/USDT,3m,v3,0.00964,10
ARB/USDT,3m,v4,-0.010142,20
ARB/USDT,3m,v5,-0.089599,42
ARB/USDT,3m,v6,-0.040931,20
ARB/USDT,3m,v7,-0.01232,8
ARB/USDT,5m,v1,0.002902,7
ARB/USDT,5m,v2,-0.033928,7
ARB/USDT,5m,v3,0.035395,11
ARB/USDT,5m,v4,-0.049696,19
ARB/USDT,5m,v5,-0.060171,38
ARB/USDT,5m,v6,-0.031164,19
ARB/USDT,5m,v7,0.015139,5
OP/USDT,1m,v1,-0.048416,13
OP/USDT,1m,v2,-0.012858,3
OP/USDT,1m,v3,-0.091778,25
OP/USDT,1m,v4,-0.048675,23
OP/USDT,1m,v5,-0.129449,44
OP/USDT,1m,v6,-0.090293,28
OP/USDT,1m,v7,-0.028033,7
OP/USDT,3m,v1,-0.006692,8
OP/USDT,3m,v2,-0.026569,5
OP/USDT,3m,v3,-0.051559,18
OP/USDT,3m,v4,0.008542,26
OP/USDT,3m,v5,-0.102368,41
OP/USDT,3m,v6,-0.037142,16
OP/USDT,3m,v7,0.0195,7
OP/USDT,5m,v1,-0.040693,9
OP/USDT,5m,v2,-0.023403,4
OP/USDT,5m,v3,-0.052951,19
OP/USDT,5m,v4,-0.014871,24
OP/USDT,5m,v5,-0.117748,43
OP/USDT,5m,v6,-0.078651,23
OP/USDT,5m,v7,0.004842,7
NEAR/USDT,1m,v1,-0.170128,13
NEAR/USDT,1m,v2,-0.080855,6
NEAR/USDT,1m,v3,-0.295996,24
NEAR/USDT,1m,v4,-0.16978,27
NEAR/USDT,1m,v5,-0.326911,38
NEAR/USDT,1m,v6,-0.322695,30
NEAR/USDT,1m,v7,-0.12089,10
NEAR/USDT,3m,v1,-0.04897,9
NEAR/USDT,3m,v2,-0.055644,3
NEAR/USDT,3m,v3,-0.058231,16
NEAR/USDT,3m,v4,-0.265103,24
NEAR/USDT,3m,v5,-0.338663,42
NEAR/USDT,3m,v6,-0.116851,20
NEAR/USDT,3m,v7,-0.061285,9
NEAR/USDT,5m,v1,-0.157672,11
NEAR/USDT,5m,v2,-0.039105,6
NEAR/USDT,5m,v3,-0.272248,19
NEAR/USDT,5m,v4,-0.295376,24
NEAR/USDT,5m,v5,-0.376176,42
NEAR/USDT,5m,v6,-0.05289,19
NEAR/USDT,5m,v7,0.011554,7
ICP/USDT,1m,v1,-0.118695,12
ICP/USDT,1m,v2,-0.096087,6
ICP/USDT,1m,v3,-0.252543,18
ICP/USDT,1m,v4,-0.320412,28
ICP/USDT,1m,v5,-0.460372,34
ICP/USDT,1m,v6,-0.531855,29
ICP/USDT,1m,v7,-0.255625,15
ICP/USDT,3m,v1,0.046973,8
ICP/USDT,3m,v2,0.147591,4
ICP/USDT,3m,v3,-0.005648,16
ICP/USDT,3m,v4,-0.290486,23
ICP/USDT,3m,v5,-1.052402,51
ICP/USDT,3m,v6,-0.492393,21
ICP/USDT,3m,v7,-0.344972,12
ICP/USDT,5m,v1,-0.211253,11
ICP/USDT,5m,v2,-0.088655,5
ICP/USDT,5m,v3,-0.424699,22
ICP/USDT,5m,v4,-0.494081,27
ICP/USDT,5m,v5,-0.916587,51
ICP/USDT,5m,v6,-0.547896,22
ICP/USDT,5m,v7,-0.267476,10
SAND/USDT,1m,v1,-0.016032,16
SAND/USDT,1m,v2,-0.005085,4
SAND/USDT,1m,v3,-0.019622,22
SAND/USDT,1m,v4,-0.019943,30
SAND/USDT,1m,v5,-0.051256,50
SAND/USDT,1m,v6,-0.038726,36
SAND/USDT,1m,v7,-0.01013,11
SAND/USDT,3m,v1,0.000728,7
SAND/USDT,3m,v2,-0.008908,5
SAND/USDT,3m,v3,-0.001131,11
SAND/USDT,3m,v4,-0.003315,25
SAND/USDT,3m,v5,-0.046538,46
SAND/USDT,3m,v6,-0.024671,25
SAND/USDT,3m,v7,-0.006996,11
SAND/USDT,5m,v1,-0.013645,10
SAND/USDT,5m,v2,-0.008379,6
SAND/USDT,5m,v3,-0.00066,13
SAND/USDT,5m,v4,-0.023138,24
SAND/USDT,5m,v5,-0.073903,55
SAND/USDT,5m,v6,-0.032203,24
SAND/USDT,5m,v7,-0.019456,12
APE/USDT,1m,v1,-0.018214,11
APE/USDT,1m,v2,-0.001327,4
APE/USDT,1m,v3,-0.027951,17
APE/USDT,1m,v4,-0.028198,32
APE/USDT,1m,v5,-0.087073,42
APE/USDT,1m,v6,-0.065664,30
APE/USDT,1m,v7,-0.023854,11
APE/USDT,3m,v1,0.012053,5
APE/USDT,3m,v2,0.007633,4
APE/USDT,3m,v3,1e-06,13
APE/USDT,3m,v4,-0.014844,24
APE/USDT,3m,v5,-0.086007,42
APE/USDT,3m,v6,-0.033387,19
APE/USDT,3m,v7,0.005106,7
APE/USDT,5m,v1,-0.008436,8
APE/USDT,5m,v2,0.00803,4
APE/USDT,5m,v3,-0.035145,18
APE/USDT,5m,v4,-0.027299,27
APE/USDT,5m,v5,-0.089434,42
APE/USDT,5m,v6,-0.056125,25
APE/USDT,5m,v7,0.005917,6
RNDR/USDT,1m,v1,0.178754,10
RNDR/USDT,1m,v2,-0.298691,7
RNDR/USDT,1m,v3,-0.367209,18
RNDR/USDT,1m,v4,-0.508598,31
RNDR/USDT,1m,v5,-0.651359,35
RNDR/USDT,1m,v6,-0.157571,20
RNDR/USDT,1m,v7,0.113399,7
RNDR/USDT,3m,v1,0.372852,8
RNDR/USDT,3m,v2,-0.305507,5
RNDR/USDT,3m,v3,-0.342259,15
RNDR/USDT,3m,v4,-0.44102,32
RNDR/USDT,3m,v5,-1.252182,44
RNDR/USDT,3m,v6,-0.241095,17
RNDR/USDT,3m,v7,-0.417363,8
RNDR/USDT,5m,v1,-0.514814,10
RNDR/USDT,5m,v2,-0.372593,8
RNDR/USDT,5m,v3,-0.501123,15
RNDR/USDT,5m,v4,-1.006522,26
RNDR/USDT,5m,v5,-0.759044,36
RNDR/USDT,5m,v6,-0.717372,21
RNDR/USDT,5m,v7,-0.551809,9
FTM/USDT,1m,v1,-0.016432,8
FTM/USDT,1m,v2,-0.019191,5
FTM/USDT,1m,v3,-0.039727,15
FTM/USDT,1m,v4,-0.070421,31
FTM/USDT,1m,v5,-0.073269,33
FTM/USDT,1m,v6,-0.011189,11
FTM/USDT,1m,v7,-0.045964,12
FTM/USDT,3m,v1,0.017804,7
FTM/USDT,3m,v2,-0.028194,5
FTM/USDT,3m,v3,-0.029556,17
FTM/USDT,3m,v4,-0.062233,28
FTM/USDT,3m,v5,-0.150842,48
FTM/USDT,3m,v6,-0.027635,14
FTM/USDT,3m,v7,-0.012781,7
FTM/USDT,5m,v1,-0.069027,12
FTM/USDT,5m,v2,-0.057359,9
FTM/USDT,5m,v3,-0.054272,13
FTM/USDT,5m,v4,-0.090435,24
FTM/USDT,5m,v5,-0.105921,33
FTM/USDT,5m,v6,-0.03382,13
FTM/USDT,5m,v7,-0.039427,10
GALA/USDT,1m,v1,-0.000401,12
GALA/USDT,1m,v2,-0.000512,6
GALA/USDT,1m,v3,-0.001132,21
GALA/USDT,1m,v4,-0.000783,24
GALA/USDT,1m,v5,-0.002727,47
GALA/USDT,1m,v6,-0.002032,28
GALA/USDT,1m,v7,-0.000568,9
GALA/USDT,3m,v1,-0.000121,5
GALA/USDT,3m,v2,-0.000259,4
GALA/USDT,3m,v3,-0.000296,15
GALA/USDT,3m,v4,-0.001796,22
GALA/USDT,3m,v5,-0.002591,44
GALA/USDT,3m,v6,-0.002617,28
GALA/USDT,3m,v7,-0.000177,11
GALA/USDT,5m,v1,0.000395,9
GALA/USDT,5m,v2,-0.001011,7
GALA/USDT,5m,v3,-0.000501,14
GALA/USDT,5m,v4,-0.001725,24
GALA/USDT,5m,v5,-0.00335,48
GALA/USDT,5m,v6,-0.002286,25
GALA/USDT,5m,v7,-9.6e-05,5
