Timestamp,Symbol,Signal,RSI,Price,Stop Loss,Position Status,Position Opened,Position Closed
2025-09-08 13:01:59,OP/USDT,BUY,32.54,0.7378,0.734586,NONE,NO,NO
2025-09-08 13:04:22,OP/USDT,BUY,42.34,0.7397,0.736300,LONG,NO,NO
2025-09-08 13:06:41,APE/USDT,BUY,36.36,0.5934,0.591529,NONE,NO,NO
2025-09-08 13:08:47,OP/USDT,BUY,44.70,0.7396,0.736257,LONG,NO,NO
2025-09-08 13:08:57,GALA/USDT,BUY,44.83,0.0166,0.016544,NONE,NO,NO
2025-09-08 13:10:42,AAVE/USDT,BUY,35.21,301.5700,300.522857,NONE,NO,NO
2025-09-08 13:11:01,ICP/USDT,BUY,32.91,4.8650,4.845000,NONE,NO,NO
2025-09-08 13:11:09,GALA/USDT,BUY,40.74,0.0166,0.016547,LONG,NO,NO
2025-09-08 13:30:32,TOWNS/USDT,BUY,26.49,0.0284,0.028006,NONE,NO,NO
2025-09-08 13:32:43,TOWNS/USDT,BUY,28.88,0.0285,0.028077,LONG,NO,NO
2025-09-08 13:34:55,TOWNS/USDT,BUY,44.96,0.0285,0.028143,LONG,NO,NO
2025-09-08 13:37:06,TOWNS/USDT,BUY,42.75,0.0285,0.028109,LONG,NO,NO
2025-09-08 13:39:17,TOWNS/USDT,BUY,39.39,0.0284,0.028133,LONG,NO,NO
2025-09-08 13:41:27,TOWNS/USDT,BUY,38.81,0.0284,0.028106,LONG,NO,NO
2025-09-08 13:43:37,TOWNS/USDT,BUY,40.30,0.0283,0.028004,LONG,NO,NO
2025-09-08 13:52:00,ARKM/USDT,BUY,35.29,0.5510,0.540857,NONE,NO,NO
2025-09-08 13:54:11,ARKM/USDT,BUY,27.27,0.5480,0.538429,LONG,NO,NO
2025-09-08 13:56:22,ARKM/USDT,BUY,25.71,0.5460,0.536000,LONG,NO,NO
2025-09-08 14:01:22,APE/USDT,BUY,33.33,0.5934,0.591600,LONG,NO,NO
2025-09-08 14:07:01,XRP/USDT,BUY,39.71,2.9409,2.929986,NONE,NO,NO
2025-09-08 14:07:03,LINK/USDT,BUY,38.64,23.0500,22.915714,NONE,NO,NO
2025-09-08 14:07:09,SUI/USDT,BUY,26.36,3.4606,3.448614,NONE,NO,NO
2025-09-08 14:09:12,XRP/USDT,BUY,42.27,2.9389,2.928586,LONG,NO,NO
2025-09-08 14:09:13,LINK/USDT,BUY,35.56,23.0000,22.860000,LONG,NO,NO
2025-09-08 14:09:33,ADA/USDT,BUY,41.55,0.8533,0.849371,NONE,NO,NO
2025-09-08 14:09:43,PROVE/USDT,BUY,24.59,0.8961,0.888757,NONE,NO,NO
2025-09-08 14:11:24,LINK/USDT,BUY,37.78,23.0200,22.877143,LONG,NO,NO
2025-09-08 14:11:40,RAY/USDT,BUY,44.74,3.3410,3.316857,NONE,NO,NO
2025-09-08 14:11:43,ADA/USDT,BUY,41.55,0.8533,0.849286,LONG,NO,NO
2025-09-08 14:13:51,RAY/USDT,BUY,36.90,3.3300,3.305571,LONG,NO,NO
2025-09-08 14:16:01,RAY/USDT,BUY,39.74,3.3290,3.304857,LONG,NO,NO
2025-09-08 14:18:12,RAY/USDT,BUY,36.76,3.3330,3.310429,LONG,NO,NO
2025-09-08 14:20:23,RAY/USDT,BUY,41.89,3.3390,3.315000,LONG,NO,NO
2025-09-08 14:22:15,XRP/USDT,BUY,40.48,2.9426,2.931700,LONG,NO,NO
2025-09-08 14:22:34,RAY/USDT,BUY,39.76,3.3340,3.309286,LONG,NO,NO
2025-09-08 14:30:57,SOL/USDT,BUY,18.02,213.2100,212.037143,NONE,NO,NO
2025-09-08 14:33:07,SOL/USDT,BUY,22.29,213.3800,212.277143,LONG,NO,NO
2025-09-08 14:35:18,SOL/USDT,BUY,27.67,213.6900,212.495714,LONG,NO,NO
2025-09-08 14:37:28,SOL/USDT,BUY,23.36,213.5600,212.421429,LONG,NO,NO
2025-09-08 14:39:38,SOL/USDT,BUY,23.56,213.3800,212.287143,LONG,NO,NO
2025-09-08 14:41:48,SOL/USDT,BUY,24.12,213.4600,212.348571,LONG,NO,NO
2025-09-08 14:51:21,APE/USDT,SELL,74.14,0.5928,0.594371,NONE,NO,NO
2025-09-08 14:52:48,WIF/USDT,SELL,62.50,0.8460,0.850857,NONE,NO,NO
2025-09-08 14:52:50,ORDI/USDT,SELL,67.21,9.1890,9.222429,NONE,NO,NO
2025-09-08 14:53:06,DOT/USDT,SELL,61.70,4.0230,4.035571,NONE,NO,NO
2025-09-08 14:53:31,APE/USDT,SELL,76.92,0.5935,0.595171,SHORT,NO,NO
2025-09-08 14:54:39,1000PEPE/USDT,SELL,64.67,0.0101,0.010190,NONE,NO,NO
2025-09-08 14:54:42,FLOKI/USDT,SELL,65.56,0.0001,0.000095,NONE,NO,NO
2025-09-08 14:54:55,APT/USDT,SELL,58.62,4.3520,4.363286,NONE,NO,NO
2025-09-08 14:54:58,WIF/USDT,SELL,66.67,0.8480,0.853000,SHORT,NO,NO
2025-09-08 14:55:02,TIA/USDT,SELL,57.89,1.6850,1.692143,NONE,NO,NO
2025-09-08 14:55:03,ARKM/USDT,SELL,63.16,0.5410,0.547286,NONE,NO,NO
2025-09-08 14:55:16,DOT/USDT,SELL,62.00,4.0250,4.037857,SHORT,NO,NO
2025-09-08 14:55:25,ILV/USDT,SELL,65.22,14.5600,14.610000,NONE,NO,NO
2025-09-08 14:55:33,APT/USDT,SELL,59.32,4.3530,4.364429,SHORT,NO,NO
2025-09-08 14:55:46,GALA/USDT,SELL,60.00,0.0166,0.016659,NONE,NO,NO
2025-09-08 14:56:49,1000PEPE/USDT,SELL,61.18,0.0101,0.010179,SHORT,NO,NO
2025-09-08 14:56:52,FLOKI/USDT,SELL,58.64,0.0001,0.000095,SHORT,NO,NO
2025-09-08 14:57:09,WIF/USDT,SELL,61.11,0.8450,0.849857,SHORT,NO,NO
2025-09-08 14:57:13,ARKM/USDT,SELL,63.16,0.5400,0.546143,SHORT,NO,NO
2025-09-08 14:57:16,SEI/USDT,SELL,56.94,0.2982,0.299729,NONE,NO,NO
2025-09-08 14:57:26,DOT/USDT,SELL,58.82,4.0230,4.035286,SHORT,NO,NO
2025-09-08 14:57:31,PROVE/USDT,SELL,57.14,0.8972,0.904143,LONG,NO,NO
2025-09-08 14:57:32,TOWNS/USDT,SELL,67.86,0.0278,0.028087,NONE,NO,NO
2025-09-08 14:57:35,ILV/USDT,SELL,61.90,14.5300,14.577143,SHORT,NO,NO
2025-09-08 14:57:56,GALA/USDT,SELL,55.56,0.0166,0.016636,SHORT,NO,NO
2025-09-08 14:58:59,1000PEPE/USDT,SELL,59.78,0.0101,0.010174,SHORT,NO,NO
2025-09-08 14:59:02,FLOKI/USDT,SELL,57.73,0.0001,0.000095,SHORT,NO,NO
2025-09-08 14:59:19,WIF/USDT,SELL,63.16,0.8460,0.851000,SHORT,NO,NO
2025-09-08 14:59:23,ARKM/USDT,SELL,63.16,0.5400,0.546286,SHORT,NO,NO
2025-09-08 14:59:37,DOT/USDT,SELL,58.82,4.0230,4.035429,SHORT,NO,NO
2025-09-08 14:59:41,PROVE/USDT,SELL,56.68,0.8970,0.904000,NONE,NO,NO
2025-09-08 14:59:43,TOWNS/USDT,SELL,70.00,0.0278,0.028154,SHORT,NO,NO
2025-09-08 14:59:46,ILV/USDT,SELL,59.09,14.5200,14.568571,SHORT,NO,NO
2025-09-08 15:01:13,FLOKI/USDT,SELL,56.57,0.0001,0.000095,SHORT,NO,NO
2025-09-08 15:01:34,ARKM/USDT,SELL,60.00,0.5420,0.548143,SHORT,NO,NO
2025-09-08 15:01:54,TOWNS/USDT,SELL,58.23,0.0278,0.028090,SHORT,NO,NO
2025-09-08 15:04:04,TOWNS/USDT,SELL,60.53,0.0278,0.028054,SHORT,NO,NO
2025-09-08 15:06:14,TOWNS/USDT,SELL,75.38,0.0278,0.028091,SHORT,NO,NO
2025-09-08 15:08:23,TOWNS/USDT,SELL,63.16,0.0277,0.027993,SHORT,NO,NO
2025-09-08 15:10:33,TOWNS/USDT,SELL,69.62,0.0279,0.028143,SHORT,NO,NO
2025-09-08 15:14:53,TOWNS/USDT,SELL,61.43,0.0278,0.028023,SHORT,NO,NO
2025-09-08 15:16:26,ETH/USDT,SELL,57.90,4309.1400,4317.891429,NONE,NO,NO
2025-09-08 15:16:45,AVAX/USDT,SELL,61.54,25.1700,25.245714,NONE,NO,NO
2025-09-08 15:16:55,HBAR/USDT,SELL,67.19,0.2228,0.223426,NONE,NO,NO
2025-09-08 15:17:03,TOWNS/USDT,SELL,65.15,0.0277,0.027950,SHORT,NO,NO
2025-09-08 15:17:09,AVAX/USDT,SELL,64.00,25.1800,25.255714,SHORT,NO,NO
2025-09-08 15:18:35,ETH/USDT,SELL,62.75,4312.6900,4322.098571,SHORT,NO,NO
2025-09-08 15:18:55,AVAX/USDT,SELL,57.14,25.1400,25.215714,SHORT,NO,NO
2025-09-08 15:19:05,HBAR/USDT,SELL,65.83,0.2227,0.223343,SHORT,NO,NO
2025-09-08 15:19:13,TOWNS/USDT,SELL,69.70,0.0278,0.028024,SHORT,NO,NO
2025-09-08 15:19:19,AVAX/USDT,SELL,57.14,25.1400,25.217143,SHORT,NO,NO
2025-09-08 15:20:46,ETH/USDT,SELL,66.43,4315.5100,4325.447143,SHORT,NO,NO
2025-09-08 15:21:05,AVAX/USDT,SELL,61.54,25.1700,25.241429,SHORT,NO,NO
2025-09-08 15:21:07,SEI/USDT,SELL,60.29,0.2976,0.299100,SHORT,NO,NO
2025-09-08 15:21:15,TON/USDT,SELL,58.06,3.0890,3.096571,NONE,NO,NO
2025-09-08 15:21:16,HBAR/USDT,SELL,67.82,0.2228,0.223430,SHORT,NO,NO
2025-09-08 15:21:29,AVAX/USDT,SELL,62.96,25.1800,25.252857,SHORT,NO,NO
2025-09-08 15:21:32,ATOM/USDT,SELL,63.79,4.5230,4.535714,NONE,NO,NO
2025-09-08 15:21:36,ARB/USDT,SELL,62.16,0.4992,0.500957,NONE,NO,NO
2025-09-08 15:21:39,NEAR/USDT,SELL,59.26,2.5060,2.513714,NONE,NO,NO
2025-09-08 15:21:40,ICP/USDT,SELL,65.45,4.8750,4.886429,LONG,NO,NO
2025-09-08 15:22:56,ETH/USDT,SELL,63.44,4314.8100,4324.708571,SHORT,NO,NO
2025-09-08 15:23:02,LINK/USDT,SELL,68.57,23.0000,23.114286,NONE,NO,NO
2025-09-08 15:23:16,AVAX/USDT,SELL,62.96,25.1800,25.255714,SHORT,NO,NO
2025-09-08 15:23:17,SEI/USDT,SELL,58.57,0.2974,0.298943,SHORT,NO,NO
2025-09-08 15:23:25,TON/USDT,SELL,61.76,3.0920,3.100571,SHORT,NO,NO
2025-09-08 15:23:26,HBAR/USDT,SELL,69.62,0.2229,0.223573,SHORT,NO,NO
2025-09-08 15:23:33,TOWNS/USDT,SELL,58.06,0.0277,0.027963,SHORT,NO,NO
2025-09-08 15:23:39,AVAX/USDT,SELL,62.96,25.1800,25.255714,SHORT,NO,NO
2025-09-08 15:23:42,ATOM/USDT,SELL,62.71,4.5220,4.535000,SHORT,NO,NO
2025-09-08 15:23:45,ARB/USDT,SELL,60.00,0.4989,0.500743,SHORT,NO,NO
2025-09-08 15:23:50,ICP/USDT,SELL,64.15,4.8730,4.884714,NONE,NO,NO
2025-09-08 15:24:59,DOGE/USDT,SELL,55.29,0.2332,0.233867,NONE,NO,NO
2025-09-08 15:25:06,ETH/USDT,SELL,58.29,4313.1200,4322.842857,SHORT,NO,NO
2025-09-08 15:25:25,AVAX/USDT,SELL,60.00,25.1700,25.244286,SHORT,NO,NO
2025-09-08 15:25:43,TOWNS/USDT,SELL,60.61,0.0278,0.028024,SHORT,NO,NO
2025-09-08 15:25:49,AVAX/USDT,SELL,60.00,25.1700,25.244286,SHORT,NO,NO
2025-09-08 15:25:52,ATOM/USDT,SELL,65.52,4.5230,4.535714,SHORT,NO,NO
2025-09-08 15:25:55,ARB/USDT,SELL,59.15,0.4992,0.501043,SHORT,NO,NO
2025-09-08 15:25:59,ICP/USDT,SELL,60.38,4.8710,4.882857,SHORT,NO,NO
2025-09-08 15:27:16,ETH/USDT,SELL,57.32,4314.6700,4324.160000,SHORT,NO,NO
2025-09-08 15:27:35,AVAX/USDT,SELL,57.69,25.1800,25.257143,SHORT,NO,NO
2025-09-08 15:27:59,AVAX/USDT,SELL,56.00,25.1700,25.247143,SHORT,NO,NO
2025-09-08 15:28:04,ARB/USDT,SELL,57.35,0.4996,0.501471,SHORT,NO,NO
2025-09-08 15:28:09,ICP/USDT,SELL,60.38,4.8710,4.882571,SHORT,NO,NO
2025-09-08 15:29:25,ETH/USDT,SELL,58.43,4315.6900,4325.327143,SHORT,NO,NO
2025-09-08 15:32:25,ARB/USDT,SELL,60.81,0.5008,0.502786,SHORT,NO,NO
2025-09-08 15:51:33,MYX/USDT,BUY,30.76,6.4879,6.159757,NONE,NO,NO
2025-09-08 15:53:44,MYX/USDT,BUY,31.27,6.4961,6.159857,LONG,NO,NO
2025-09-08 15:55:54,MYX/USDT,BUY,33.84,6.4818,6.159143,LONG,NO,NO
2025-09-08 15:58:04,MYX/USDT,BUY,41.62,6.5317,6.202414,LONG,NO,NO
2025-09-08 16:00:17,MYX/USDT,BUY,37.67,6.5627,6.252986,LONG,NO,NO
2025-09-08 16:02:28,MYX/USDT,BUY,41.39,6.6318,6.310943,LONG,NO,NO
2025-09-08 16:13:34,PYR/USDT,SELL,60.00,1.0620,1.066000,NONE,NO,NO
2025-09-08 16:24:27,EPIC/USDT,SELL,55.56,2.0810,2.090857,NONE,NO,NO
2025-09-08 16:52:16,BTC/USDT,BUY,39.31,112176.2100,111890.988571,NONE,NO,NO
2025-09-08 16:57:03,ADA/USDT,BUY,44.88,0.8578,0.852386,NONE,NO,NO
2025-09-08 16:58:40,DOGE/USDT,BUY,26.69,0.2361,0.234193,NONE,NO,NO
2025-09-08 17:00:51,DOGE/USDT,BUY,30.28,0.2364,0.234489,LONG,NO,NO
2025-09-08 17:01:30,HBAR/USDT,BUY,41.44,0.2248,0.223351,NONE,NO,NO
2025-09-08 17:03:04,DOGE/USDT,BUY,42.39,0.2374,0.235459,LONG,NO,NO
2025-09-08 17:05:15,DOGE/USDT,BUY,42.15,0.2374,0.235381,LONG,NO,NO
2025-09-08 17:25:41,TOWNS/USDT,SELL,60.87,0.0272,0.027537,SHORT,NO,NO
2025-09-08 17:27:51,PROVE/USDT,SELL,68.72,0.8948,0.899857,NONE,NO,NO
2025-09-08 17:27:52,TOWNS/USDT,SELL,68.14,0.0273,0.027599,SHORT,NO,NO
2025-09-08 17:30:02,PROVE/USDT,SELL,63.02,0.8938,0.898786,SHORT,NO,NO
2025-09-08 17:30:04,TOWNS/USDT,SELL,59.68,0.0271,0.027421,SHORT,NO,NO
2025-09-08 17:32:13,PROVE/USDT,SELL,62.69,0.8937,0.898957,SHORT,NO,NO
2025-09-08 17:32:15,TOWNS/USDT,SELL,59.68,0.0271,0.027427,SHORT,NO,NO
2025-09-08 17:34:26,PROVE/USDT,SELL,56.17,0.8943,0.899014,SHORT,NO,NO
2025-09-08 17:36:25,MYX/USDT,BUY,41.62,7.1126,6.602471,LONG,NO,NO
2025-09-08 17:38:36,MYX/USDT,BUY,38.83,7.0144,6.479914,LONG,NO,NO
2025-09-08 18:56:13,ARKM/USDT,BUY,37.04,0.5640,0.555143,NONE,NO,NO
2025-09-08 18:59:42,ARKM/USDT,BUY,38.46,0.5640,0.555571,LONG,NO,NO
2025-09-08 19:10:00,ETH/USDT,BUY,31.46,4362.2900,4349.715714,NONE,NO,NO
2025-09-08 19:10:13,SUI/USDT,BUY,34.26,3.4925,3.479657,NONE,NO,NO
2025-09-08 19:10:37,AAVE/USDT,BUY,38.44,306.9500,305.848571,NONE,NO,NO
2025-09-08 19:12:08,1000PEPE/USDT,BUY,42.95,0.0103,0.010245,NONE,NO,NO
2025-09-08 19:12:12,FLOKI/USDT,BUY,42.11,0.0001,0.000097,NONE,NO,NO
2025-09-08 19:12:15,ETH/USDT,BUY,31.92,4362.4100,4349.724286,LONG,NO,NO
2025-09-08 19:12:47,HBAR/USDT,BUY,44.27,0.2270,0.226191,NONE,NO,NO
2025-09-08 19:12:51,ONDO/USDT,BUY,37.74,0.9405,0.936957,NONE,NO,NO
2025-09-08 19:13:16,APE/USDT,BUY,44.83,0.5983,0.596471,NONE,NO,NO
2025-09-08 19:14:27,1000PEPE/USDT,BUY,41.87,0.0103,0.010239,LONG,NO,NO
2025-09-08 19:14:31,FLOKI/USDT,BUY,40.51,0.0001,0.000097,LONG,NO,NO
2025-09-08 19:14:36,ETH/USDT,BUY,29.37,4358.9900,4345.708571,LONG,NO,NO
2025-09-08 19:14:54,ORDI/USDT,BUY,42.93,9.3290,9.279714,NONE,NO,NO
2025-09-08 19:15:28,ATOM/USDT,BUY,41.89,4.5660,4.549857,NONE,NO,NO
2025-09-08 19:15:38,SAND/USDT,BUY,44.44,0.2971,0.296329,NONE,NO,NO
2025-09-08 19:16:48,1000PEPE/USDT,BUY,41.29,0.0103,0.010219,LONG,NO,NO
2025-09-08 19:16:51,FLOKI/USDT,BUY,41.74,0.0001,0.000096,LONG,NO,NO
2025-09-08 19:17:10,ORDI/USDT,BUY,41.00,9.3110,9.260429,LONG,NO,NO
2025-09-08 19:17:25,HBAR/USDT,BUY,37.61,0.2261,0.225251,LONG,NO,YES
2025-09-08 19:17:31,AAVE/USDT,BUY,39.68,305.9500,304.877143,LONG,NO,NO
2025-09-08 19:17:45,ATOM/USDT,BUY,38.75,4.5600,4.542429,LONG,NO,NO
2025-09-08 19:17:54,SAND/USDT,BUY,39.02,0.2966,0.295743,LONG,NO,NO
2025-09-08 19:17:56,APE/USDT,BUY,43.82,0.5968,0.594886,LONG,NO,NO
2025-09-08 19:18:00,GALA/USDT,BUY,44.44,0.0169,0.016829,NONE,NO,NO
2025-09-08 19:21:52,AVAX/USDT,BUY,43.90,25.6300,25.520000,NONE,NO,NO
2025-09-08 19:27:14,PYR/USDT,BUY,44.44,1.0680,1.064429,NONE,NO,NO
2025-09-08 19:46:22,AVAX/USDT,BUY,44.90,25.6600,25.545714,LONG,NO,NO
2025-09-08 19:46:46,AVAX/USDT,BUY,44.90,25.6600,25.545714,LONG,NO,NO
2025-09-08 19:46:56,NEAR/USDT,BUY,44.44,2.5590,2.546143,NONE,NO,NO
2025-09-08 19:51:05,TOWNS/USDT,BUY,43.70,0.0277,0.027391,NONE,NO,NO
2025-09-09 00:03:29,TON/USDT,SELL,58.82,3.0930,3.098571,NONE,NO,NO
2025-09-09 00:05:40,TON/USDT,SELL,63.16,3.0950,3.100857,SHORT,NO,NO
2025-09-09 00:10:10,AAVE/USDT,SELL,60.61,301.6300,302.484286,NONE,NO,NO
2025-09-09 00:10:17,ILV/USDT,SELL,57.89,14.5700,14.607143,NONE,NO,NO
2025-09-09 00:10:19,EPIC/USDT,SELL,67.39,1.9880,1.997571,NONE,NO,NO
2025-09-09 00:10:29,NEAR/USDT,SELL,56.76,2.5500,2.558714,NONE,NO,NO
2025-09-09 00:11:44,FLOKI/USDT,SELL,55.50,0.0001,0.000097,NONE,NO,NO
2025-09-09 00:12:30,EPIC/USDT,SELL,62.50,1.9880,1.996286,SHORT,NO,NO
2025-09-09 00:13:56,FLOKI/USDT,SELL,55.72,0.0001,0.000097,SHORT,NO,NO
2025-09-09 00:14:41,EPIC/USDT,SELL,68.09,1.9950,2.004286,SHORT,NO,NO
2025-09-09 00:16:30,AVAX/USDT,SELL,55.17,25.3500,25.420000,NONE,NO,NO
2025-09-09 01:27:21,BNB/USDT,BUY,39.53,880.2100,878.922857,NONE,NO,NO
2025-09-09 01:29:36,BNB/USDT,BUY,37.11,879.8800,878.544286,LONG,NO,NO
2025-09-09 01:57:01,APT/USDT,BUY,35.29,4.4010,4.392286,NONE,NO,NO
2025-09-09 01:57:02,SUI/USDT,BUY,34.56,3.4824,3.473971,NONE,NO,NO
2025-09-09 01:57:05,ORDI/USDT,BUY,38.20,9.2970,9.269857,NONE,NO,NO
2025-09-09 01:57:23,DOT/USDT,BUY,17.86,4.0490,4.039000,NONE,NO,NO
2025-09-09 01:57:24,ONDO/USDT,BUY,31.34,0.9332,0.931357,NONE,NO,NO
2025-09-09 01:57:26,AAVE/USDT,BUY,33.51,304.0900,303.218571,NONE,NO,NO
2025-09-09 01:57:59,ATOM/USDT,BUY,42.86,4.5450,4.536429,NONE,NO,NO
2025-09-09 01:58:00,APT/USDT,BUY,38.89,4.4030,4.393857,LONG,NO,NO
2025-09-09 01:58:03,OP/USDT,BUY,30.19,0.7534,0.751071,NONE,NO,NO
2025-09-09 01:58:05,NEAR/USDT,BUY,39.13,2.5830,2.576000,NONE,NO,NO
2025-09-09 02:15:15,PYR/USDT,BUY,33.33,1.0660,1.064571,NONE,NO,NO
2025-09-09 03:54:12,OP/USDT,BUY,32.96,0.7604,0.751657,NONE,NO,NO
2025-09-09 08:29:49,XRP/USDT,BUY,40.00,2.9559,2.948786,NONE,NO,NO
2025-09-09 10:04:40,TOWNS/USDT,BUY,34.37,0.0280,0.027863,NONE,NO,NO
2025-09-09 10:24:16,PYR/USDT,BUY,33.33,1.0830,1.077714,NONE,NO,NO
2025-09-09 10:26:27,PYR/USDT,BUY,39.13,1.0850,1.079286,LONG,NO,NO
2025-09-09 10:28:37,PYR/USDT,BUY,36.36,1.0850,1.079429,LONG,NO,NO
2025-09-09 10:34:45,ORDI/USDT,BUY,39.47,9.4740,9.418429,NONE,NO,NO
2025-09-09 10:36:33,DOGE/USDT,BUY,44.52,0.2406,0.239200,NONE,NO,NO
2025-09-09 10:36:59,ARKM/USDT,BUY,37.21,0.6190,0.605714,LONG,NO,NO
2025-09-09 10:38:44,DOGE/USDT,BUY,42.01,0.2403,0.238930,LONG,NO,NO
2025-09-09 10:39:08,TIA/USDT,BUY,40.48,1.7600,1.748286,NONE,NO,NO
2025-09-09 10:40:55,DOGE/USDT,BUY,40.89,0.2400,0.238667,LONG,NO,NO
2025-09-09 10:41:19,TIA/USDT,BUY,40.48,1.7600,1.747857,LONG,NO,NO
2025-09-09 10:43:06,DOGE/USDT,BUY,36.89,0.2400,0.238716,LONG,NO,NO
2025-09-09 10:43:30,TIA/USDT,BUY,39.53,1.7610,1.749000,LONG,NO,NO
2025-09-09 10:45:38,WIF/USDT,BUY,40.74,0.8950,0.888143,NONE,NO,NO
2025-09-09 10:47:51,TIA/USDT,BUY,38.10,1.7580,1.745714,LONG,NO,NO
2025-09-09 10:48:05,HBAR/USDT,BUY,40.85,0.2310,0.230046,NONE,NO,NO
2025-09-09 10:48:32,APE/USDT,BUY,35.79,0.6109,0.608571,NONE,NO,NO
2025-09-09 10:50:07,SEI/USDT,BUY,41.33,0.3157,0.313886,NONE,NO,NO
2025-09-09 10:50:42,SAND/USDT,BUY,35.19,0.3017,0.300529,NONE,NO,NO
2025-09-09 10:50:43,APE/USDT,BUY,38.38,0.6113,0.608871,LONG,NO,NO
2025-09-09 10:50:48,GALA/USDT,BUY,41.67,0.0174,0.017297,NONE,NO,NO
2025-09-09 10:52:16,AVAX/USDT,BUY,36.54,25.8700,25.727143,NONE,NO,NO
2025-09-09 10:52:18,SEI/USDT,BUY,38.89,0.3162,0.314443,LONG,NO,NO
2025-09-09 10:52:40,AVAX/USDT,BUY,33.33,25.8200,25.671429,LONG,NO,NO
2025-09-09 10:52:54,APE/USDT,BUY,27.78,0.6109,0.608543,LONG,NO,NO
2025-09-09 10:54:27,AVAX/USDT,BUY,29.41,25.8400,25.698571,LONG,NO,NO
2025-09-09 10:54:51,AVAX/USDT,BUY,29.41,25.8400,25.698571,LONG,NO,NO
2025-09-09 10:55:04,APE/USDT,BUY,36.59,0.6118,0.609500,LONG,NO,NO
2025-09-09 10:55:09,GALA/USDT,BUY,36.36,0.0174,0.017323,LONG,NO,NO
2025-09-09 10:56:37,AVAX/USDT,BUY,31.37,25.8600,25.715714,LONG,NO,NO
2025-09-09 10:56:39,SEI/USDT,BUY,42.03,0.3163,0.314529,LONG,NO,NO
2025-09-09 10:57:15,APE/USDT,BUY,30.34,0.6108,0.608457,LONG,NO,NO
2025-09-09 10:58:49,SEI/USDT,BUY,43.66,0.3167,0.314900,LONG,NO,NO
2025-09-09 10:58:52,MYX/USDT,BUY,44.18,15.9892,14.841629,NONE,NO,NO
2025-09-09 10:58:58,HBAR/USDT,BUY,40.37,0.2320,0.231037,LONG,NO,NO
2025-09-09 10:59:00,DOT/USDT,BUY,29.03,4.1230,4.098857,NONE,NO,NO
2025-09-09 10:59:09,ILV/USDT,BUY,30.00,15.0600,14.980000,NONE,NO,NO
2025-09-09 10:59:26,APE/USDT,BUY,34.74,0.6114,0.608957,LONG,NO,NO
2025-09-09 10:59:30,GALA/USDT,BUY,40.63,0.0174,0.017330,LONG,NO,NO
2025-09-09 11:00:59,AVAX/USDT,BUY,40.74,25.9400,25.801429,LONG,NO,NO
2025-09-09 11:01:11,DOT/USDT,BUY,36.84,4.1310,4.108286,LONG,NO,NO
2025-09-09 11:01:20,ILV/USDT,BUY,44.83,15.1100,15.031429,LONG,NO,NO
2025-09-09 11:01:23,AVAX/USDT,BUY,41.82,25.9500,25.811429,LONG,NO,NO
2025-09-09 11:02:55,LINK/USDT,BUY,41.30,23.6400,23.511429,NONE,NO,NO
2025-09-09 11:03:21,DOT/USDT,BUY,42.03,4.1230,4.103857,LONG,NO,NO
2025-09-09 11:04:59,BTC/USDT,BUY,43.53,113011.4000,112806.950000,NONE,NO,NO
2025-09-09 11:05:31,DOT/USDT,BUY,44.93,4.1270,4.106857,LONG,NO,NO
2025-09-09 11:07:12,BNB/USDT,BUY,40.92,882.7600,881.247143,NONE,NO,NO
2025-09-09 11:07:45,AAVE/USDT,BUY,32.94,307.4100,305.740000,NONE,NO,NO
2025-09-09 11:09:55,AAVE/USDT,BUY,31.69,306.9800,305.300000,LONG,NO,NO
2025-09-09 11:13:39,FLOKI/USDT,BUY,44.16,0.0001,0.000099,NONE,NO,NO
2025-09-09 11:13:40,BTC/USDT,BUY,40.09,113005.4300,112800.687143,LONG,NO,NO
2025-09-09 11:13:45,SOL/USDT,BUY,40.13,218.8000,217.997143,NONE,NO,NO
2025-09-09 11:14:01,AVAX/USDT,BUY,42.86,25.9900,25.868571,LONG,NO,NO
2025-09-09 11:14:07,ADA/USDT,BUY,43.92,0.8875,0.883029,NONE,NO,NO
2025-09-09 11:14:16,AAVE/USDT,BUY,43.03,307.3500,305.771429,LONG,NO,NO
2025-09-09 11:15:51,BTC/USDT,BUY,38.97,113034.4000,112827.795714,LONG,NO,NO
2025-09-09 11:15:55,SOL/USDT,BUY,39.30,218.9200,218.108571,LONG,NO,NO
2025-09-09 11:18:01,BTC/USDT,BUY,37.68,112973.4200,112781.342857,LONG,NO,NO
2025-09-09 11:18:25,RAY/USDT,BUY,42.62,3.4150,3.400857,NONE,NO,NO
2025-09-09 11:18:28,ADA/USDT,BUY,42.38,0.8855,0.881343,LONG,NO,NO
2025-09-09 11:20:35,RAY/USDT,BUY,41.94,3.4140,3.399286,LONG,NO,NO
2025-09-09 11:20:38,ADA/USDT,BUY,41.29,0.8851,0.880757,LONG,NO,NO
2025-09-09 11:33:08,FLOKI/USDT,SELL,64.58,0.0001,0.000100,LONG,NO,NO
2025-09-09 11:33:11,ETH/USDT,SELL,58.42,4364.6300,4375.190000,NONE,NO,NO
2025-09-09 11:35:17,FLOKI/USDT,SELL,63.31,0.0001,0.000100,NONE,NO,NO
2025-09-09 11:35:20,ETH/USDT,SELL,56.85,4363.1500,4374.242857,SHORT,NO,NO
2025-09-09 11:37:27,FLOKI/USDT,SELL,57.72,0.0001,0.000100,SHORT,NO,NO
2025-09-09 11:37:42,SUI/USDT,BUY,43.16,3.6031,3.590143,NONE,NO,NO
2025-09-09 11:39:51,SUI/USDT,BUY,37.93,3.6031,3.590514,LONG,NO,NO
2025-09-09 11:40:34,ICP/USDT,SELL,56.92,5.0060,5.022286,NONE,NO,NO
2025-09-09 11:42:02,SUI/USDT,BUY,40.56,3.6003,3.589229,LONG,NO,NO
2025-09-09 11:44:13,SUI/USDT,BUY,39.59,3.5999,3.588586,LONG,NO,NO
2025-09-09 11:46:23,SUI/USDT,BUY,35.14,3.5963,3.585386,LONG,NO,NO
2025-09-09 11:49:03,ILV/USDT,BUY,40.91,15.1100,15.054286,LONG,NO,NO
2025-09-09 11:51:16,ILV/USDT,BUY,40.00,15.1000,15.047143,LONG,NO,NO
2025-09-09 11:55:28,DOT/USDT,BUY,43.75,4.1300,4.116429,LONG,NO,NO
2025-09-09 11:55:42,LTC/USDT,BUY,43.45,114.1500,113.848571,NONE,NO,NO
2025-09-09 11:57:49,EPIC/USDT,BUY,44.44,2.0600,2.051286,NONE,NO,NO
2025-09-09 12:03:39,ETH/USDT,SELL,59.04,4357.5800,4366.451429,SHORT,NO,NO
2025-09-09 12:05:49,ETH/USDT,SELL,60.04,4358.5600,4367.614286,SHORT,NO,NO
2025-09-09 12:10:20,TRX/USDT,BUY,25.00,0.3371,0.336429,NONE,NO,NO
2025-09-09 12:33:55,BTC/USDT,SELL,56.92,112974.4900,113056.112857,LONG,NO,NO
2025-09-09 14:37:51,ADA/USDT,SELL,63.75,0.8854,0.887957,LONG,NO,NO
2025-09-09 14:39:31,1000PEPE/USDT,SELL,61.98,0.0107,0.010742,NONE,NO,NO
2025-09-09 14:40:03,ADA/USDT,SELL,61.45,0.8852,0.887686,NONE,NO,NO
2025-09-09 14:40:11,ONDO/USDT,SELL,57.82,0.9698,0.973800,NONE,NO,NO
2025-09-09 14:41:54,XRP/USDT,SELL,56.10,3.0078,3.016000,LONG,NO,NO
2025-09-09 14:42:23,ONDO/USDT,SELL,62.50,0.9691,0.972900,SHORT,NO,NO
2025-09-09 14:44:34,ONDO/USDT,SELL,57.05,0.9678,0.971843,SHORT,NO,NO
2025-09-09 14:46:41,TON/USDT,SELL,60.00,3.1290,3.137714,NONE,NO,NO
2025-09-09 14:46:46,ONDO/USDT,SELL,55.56,0.9693,0.973300,SHORT,NO,NO
2025-09-09 14:48:54,TON/USDT,SELL,62.50,3.1290,3.137571,SHORT,NO,NO
2025-09-09 14:55:41,EPIC/USDT,BUY,44.12,2.0590,2.049857,NONE,NO,NO
2025-09-09 15:25:42,SUI/USDT,SELL,55.70,3.5844,3.596257,NONE,NO,NO
2025-09-09 15:30:06,TIA/USDT,BUY,30.00,1.8820,1.843000,LONG,NO,NO
2025-09-09 15:32:17,TIA/USDT,BUY,27.08,1.8680,1.826857,LONG,NO,NO
2025-09-09 16:09:26,DOGE/USDT,BUY,36.99,0.2453,0.242681,LONG,NO,NO
2025-09-09 16:11:37,DOGE/USDT,BUY,36.89,0.2453,0.242629,LONG,NO,NO
2025-09-09 16:27:14,ARKM/USDT,SELL,61.54,0.6450,0.655000,LONG,NO,NO
2025-09-09 16:29:24,ARKM/USDT,SELL,65.91,0.6500,0.660571,NONE,NO,NO
2025-09-09 16:31:32,TIA/USDT,SELL,63.51,1.8800,1.901000,LONG,NO,NO
2025-09-09 16:31:34,ARKM/USDT,SELL,64.29,0.6470,0.657714,SHORT,NO,NO
2025-09-09 16:31:50,AAVE/USDT,SELL,57.47,304.4200,306.264286,NONE,NO,NO
2025-09-09 16:33:43,ARKM/USDT,SELL,61.36,0.6450,0.655429,SHORT,NO,NO
2025-09-09 16:35:53,ARKM/USDT,SELL,63.64,0.6470,0.658143,SHORT,NO,NO
2025-09-09 16:42:40,PROVE/USDT,SELL,86.62,0.8898,0.895229,NONE,NO,NO
2025-09-09 16:44:49,PROVE/USDT,SELL,87.66,0.8910,0.896871,SHORT,NO,NO
2025-09-09 16:45:04,OP/USDT,SELL,71.08,0.7780,0.783214,NONE,NO,NO
2025-09-09 16:46:37,WIF/USDT,SELL,68.75,0.8870,0.893143,NONE,NO,NO
2025-09-09 16:46:59,PROVE/USDT,SELL,86.75,0.8907,0.896486,SHORT,NO,NO
2025-09-09 16:47:14,OP/USDT,SELL,68.45,0.7772,0.782743,SHORT,NO,NO
2025-09-09 16:48:46,WIF/USDT,SELL,58.82,0.8850,0.891143,SHORT,NO,NO
2025-09-09 16:48:59,XLM/USDT,SELL,56.82,0.3813,0.383471,NONE,NO,NO
2025-09-09 16:49:02,HBAR/USDT,SELL,59.75,0.2315,0.232774,LONG,NO,NO
2025-09-09 16:49:08,PROVE/USDT,SELL,82.39,0.8898,0.895614,SHORT,NO,NO
2025-09-09 16:49:19,ATOM/USDT,SELL,59.21,4.6090,4.628571,NONE,NO,NO
2025-09-09 16:49:23,OP/USDT,SELL,61.20,0.7754,0.780814,SHORT,NO,NO
2025-09-09 16:50:54,SUI/USDT,SELL,56.39,3.5543,3.574929,SHORT,NO,NO
2025-09-09 16:50:56,WIF/USDT,SELL,55.56,0.8840,0.890286,SHORT,NO,NO
2025-09-09 16:51:09,XLM/USDT,SELL,60.00,0.3814,0.383543,SHORT,NO,NO
2025-09-09 16:51:12,HBAR/USDT,SELL,58.45,0.2313,0.232636,NONE,NO,NO
2025-09-09 16:51:18,PROVE/USDT,SELL,78.77,0.8895,0.894843,SHORT,NO,NO
2025-09-09 16:51:33,OP/USDT,SELL,56.48,0.7741,0.779657,SHORT,NO,NO
2025-09-09 16:53:05,WIF/USDT,SELL,57.89,0.8860,0.892286,SHORT,NO,NO
2025-09-09 16:53:21,HBAR/USDT,SELL,61.56,0.2316,0.233003,SHORT,NO,NO
2025-09-09 16:53:27,PROVE/USDT,SELL,72.78,0.8883,0.893943,SHORT,NO,NO
2025-09-09 16:53:38,ATOM/USDT,SELL,59.26,4.6110,4.631571,SHORT,NO,NO
2025-09-09 16:53:42,OP/USDT,SELL,62.24,0.7764,0.782129,SHORT,NO,NO
2025-09-09 16:53:48,APE/USDT,SELL,60.19,0.6158,0.618429,LONG,NO,NO
2025-09-09 18:01:15,ARKM/USDT,BUY,35.38,0.6560,0.640429,NONE,NO,NO
2025-09-09 18:25:29,AVAX/USDT,SELL,65.67,25.9300,26.145714,LONG,NO,NO
2025-09-09 19:07:32,MYX/USDT,BUY,44.99,16.9445,15.968800,NONE,NO,NO
2025-09-09 19:18:16,XRP/USDT,SELL,71.39,2.9580,2.967557,NONE,NO,NO
2025-09-09 19:18:35,RAY/USDT,SELL,72.41,3.3080,3.327143,NONE,NO,NO
2025-09-09 19:20:30,XRP/USDT,SELL,55.06,2.9471,2.958029,SHORT,NO,NO
2025-09-09 19:20:49,RAY/USDT,SELL,62.90,3.2980,3.318429,SHORT,NO,NO
2025-09-09 19:22:43,BNB/USDT,SELL,55.47,873.1000,874.688571,NONE,NO,NO
2025-09-09 19:23:06,RAY/USDT,SELL,60.00,3.2940,3.314429,SHORT,NO,NO
2025-09-09 19:24:56,BNB/USDT,SELL,67.19,873.7300,875.195714,SHORT,NO,NO
2025-09-09 19:25:17,RAY/USDT,SELL,75.41,3.3030,3.323000,SHORT,NO,NO
2025-09-09 19:27:09,XRP/USDT,SELL,61.05,2.9488,2.959343,SHORT,NO,NO
2025-09-09 19:27:27,RAY/USDT,SELL,69.23,3.2970,3.315857,SHORT,NO,NO
2025-09-09 19:27:30,ADA/USDT,SELL,65.92,0.8592,0.863686,NONE,NO,NO
2025-09-09 19:27:39,AAVE/USDT,SELL,61.56,296.4300,298.028571,SHORT,NO,NO
2025-09-09 19:29:20,XRP/USDT,SELL,58.64,2.9470,2.957943,SHORT,NO,NO
2025-09-09 19:29:38,RAY/USDT,SELL,64.29,3.2920,3.311571,SHORT,NO,NO
2025-09-09 19:29:41,ADA/USDT,SELL,61.78,0.8580,0.862643,SHORT,NO,NO
2025-09-09 19:29:51,AAVE/USDT,SELL,57.81,296.0400,297.694286,SHORT,NO,NO
2025-09-09 19:31:22,DOGE/USDT,SELL,59.57,0.2388,0.240609,NONE,NO,NO
2025-09-09 19:31:34,XRP/USDT,SELL,57.79,2.9486,2.959700,SHORT,NO,NO
2025-09-09 19:34:54,DOGE/USDT,SELL,57.70,0.2392,0.240847,SHORT,NO,NO
2025-09-09 19:50:37,AAVE/USDT,SELL,56.93,297.0300,298.482857,SHORT,NO,NO
2025-09-09 19:50:48,LTC/USDT,SELL,67.63,111.5500,111.901429,NONE,NO,NO
2025-09-09 22:01:42,ARKM/USDT,SELL,58.82,0.6240,0.629143,NONE,NO,NO
2025-09-09 22:10:13,LINK/USDT,BUY,31.58,22.9800,22.905714,NONE,NO,NO
2025-09-09 22:10:36,TON/USDT,BUY,37.04,3.0910,3.084857,NONE,NO,NO
2025-09-09 22:10:40,ONDO/USDT,BUY,43.12,0.9532,0.950386,NONE,NO,NO
2025-09-09 22:12:46,TON/USDT,BUY,42.31,3.0910,3.084857,LONG,NO,NO
2025-09-09 22:14:55,TON/USDT,BUY,40.00,3.0900,3.083857,LONG,NO,NO
2025-09-10 03:05:31,MYX/USDT,SELL,58.19,14.7200,15.446529,NONE,NO,NO
2025-09-10 05:22:09,DOT/USDT,BUY,43.48,4.1360,4.119429,NONE,NO,NO
2025-09-10 06:09:32,AVAX/USDT,BUY,33.33,26.0600,25.932857,NONE,NO,NO
2025-09-10 06:41:14,SUI/USDT,BUY,40.20,3.5344,3.517900,SHORT,NO,NO
2025-09-10 08:52:12,ARKM/USDT,SELL,61.54,0.6100,0.615000,NONE,NO,NO
2025-09-10 09:03:15,ARKM/USDT,SELL,60.00,0.6070,0.611714,SHORT,NO,NO
2025-09-10 09:03:22,ADA/USDT,SELL,58.10,0.8734,0.876329,NONE,NO,NO
2025-09-10 09:03:28,DOT/USDT,SELL,61.54,4.0920,4.104286,NONE,NO,NO
2025-09-10 09:05:04,FLOKI/USDT,SELL,59.02,0.0001,0.000097,NONE,NO,NO
2025-09-10 09:05:25,ARKM/USDT,SELL,60.00,0.6070,0.611714,SHORT,NO,NO
2025-09-10 09:05:39,DOT/USDT,SELL,59.18,4.0890,4.101857,SHORT,NO,NO
2025-09-10 09:07:49,DOT/USDT,SELL,56.86,4.0870,4.100429,SHORT,NO,NO
2025-09-10 09:25:15,ONDO/USDT,SELL,61.38,1.0094,1.015043,NONE,NO,NO
2025-09-10 09:27:25,ONDO/USDT,SELL,63.54,1.0083,1.013857,SHORT,NO,NO
2025-09-10 09:40:09,WIF/USDT,SELL,57.14,0.8830,0.886714,NONE,NO,NO
2025-09-10 10:25:57,PYR/USDT,BUY,40.00,1.0770,1.074000,NONE,NO,NO
2025-09-10 10:28:08,PYR/USDT,BUY,44.44,1.0770,1.074000,LONG,NO,NO
2025-09-10 11:13:15,FLOKI/USDT,BUY,41.57,0.0001,0.000097,NONE,NO,NO
2025-09-10 11:13:37,AVAX/USDT,BUY,43.48,26.9000,26.718571,LONG,NO,NO
2025-09-10 11:14:01,AVAX/USDT,BUY,42.65,26.8900,26.708571,LONG,NO,NO
2025-09-10 11:14:09,OP/USDT,BUY,40.00,0.7714,0.768086,SHORT,NO,NO
2025-09-10 11:16:24,SAND/USDT,BUY,43.33,0.2969,0.296129,NONE,NO,NO
2025-09-10 11:18:34,SAND/USDT,BUY,40.63,0.2964,0.295643,LONG,NO,NO
2025-09-10 11:18:36,APE/USDT,BUY,44.59,0.6118,0.610043,NONE,NO,NO
2025-09-10 11:20:07,ARKM/USDT,BUY,38.46,0.6090,0.604286,SHORT,NO,NO
2025-09-10 11:20:45,SAND/USDT,BUY,41.94,0.2965,0.295700,LONG,NO,NO
2025-09-10 11:22:01,BNB/USDT,SELL,58.10,883.5500,885.155714,NONE,NO,NO
2025-09-10 11:24:28,ARKM/USDT,BUY,41.67,0.6090,0.604429,NONE,NO,NO
2025-09-10 11:28:54,RAY/USDT,BUY,31.43,3.4150,3.393143,NONE,NO,NO
2025-09-10 11:30:44,SOL/USDT,BUY,34.21,221.3400,220.468571,NONE,NO,NO
2025-09-10 11:31:04,RAY/USDT,BUY,26.09,3.4120,3.390143,LONG,NO,NO
2025-09-10 11:32:55,SOL/USDT,BUY,31.48,221.0900,220.177143,LONG,NO,NO
2025-09-10 11:33:15,RAY/USDT,BUY,22.54,3.4080,3.387143,LONG,NO,NO
2025-09-10 11:35:25,RAY/USDT,BUY,21.62,3.4050,3.382857,LONG,NO,NO
2025-09-10 11:39:26,XRP/USDT,BUY,34.01,2.9731,2.966129,NONE,NO,NO
2025-09-10 11:41:36,XRP/USDT,BUY,31.82,2.9714,2.964000,LONG,NO,NO
2025-09-10 11:58:45,BTC/USDT,BUY,30.86,112394.7000,112229.350000,NONE,NO,NO
2025-09-10 13:40:55,TRX/USDT,BUY,35.29,0.3370,0.336500,NONE,NO,NO
2025-09-10 14:04:46,SOL/USDT,SELL,70.59,220.2400,220.848571,NONE,NO,NO
2025-09-10 14:04:49,LINK/USDT,SELL,56.25,23.3800,23.445714,LONG,NO,NO
2025-09-10 14:06:57,SOL/USDT,SELL,67.51,220.1600,220.772857,SHORT,NO,NO
2025-09-10 14:09:08,SOL/USDT,SELL,64.40,220.1300,220.695714,SHORT,NO,NO
2025-09-10 14:11:20,SOL/USDT,SELL,65.48,220.1900,220.770000,SHORT,NO,NO
2025-09-10 14:40:38,GALA/USDT,SELL,59.09,0.0170,0.017037,NONE,NO,NO
2025-09-10 14:42:01,ORDI/USDT,SELL,72.41,9.6010,9.640143,NONE,NO,NO
2025-09-10 14:42:04,ARKM/USDT,SELL,61.11,0.6080,0.612143,NONE,NO,NO
2025-09-10 14:42:15,TON/USDT,SELL,55.00,3.0990,3.104143,LONG,NO,NO
2025-09-10 14:42:42,SAND/USDT,SELL,58.82,0.2948,0.295557,NONE,NO,NO
2025-09-10 14:42:48,GALA/USDT,SELL,59.09,0.0170,0.017024,SHORT,NO,NO
2025-09-10 14:43:51,1000PEPE/USDT,SELL,55.46,0.0104,0.010406,NONE,NO,NO
2025-09-10 14:44:12,ORDI/USDT,SELL,64.42,9.5830,9.625571,SHORT,NO,NO
2025-09-10 14:44:25,TON/USDT,SELL,55.00,3.0990,3.104429,NONE,NO,NO
2025-09-10 14:44:52,SAND/USDT,SELL,55.56,0.2946,0.295386,SHORT,NO,NO
2025-09-10 14:44:58,GALA/USDT,SELL,56.52,0.0169,0.017016,SHORT,NO,NO
2025-09-10 14:46:01,1000PEPE/USDT,SELL,55.08,0.0104,0.010411,SHORT,NO,NO
2025-09-10 14:46:22,ORDI/USDT,SELL,63.77,9.5910,9.631429,SHORT,NO,NO
2025-09-10 14:46:28,SEI/USDT,SELL,57.14,0.3097,0.310729,NONE,NO,NO
2025-09-10 14:46:36,TON/USDT,SELL,60.00,3.1000,3.105571,SHORT,NO,NO
2025-09-10 14:47:02,SAND/USDT,SELL,56.76,0.2948,0.295557,SHORT,NO,NO
2025-09-10 14:47:08,GALA/USDT,SELL,56.52,0.0170,0.017023,SHORT,NO,NO
2025-09-10 14:48:11,1000PEPE/USDT,SELL,58.37,0.0104,0.010421,SHORT,NO,NO
2025-09-10 14:48:49,DOT/USDT,SELL,59.62,4.0750,4.087429,NONE,NO,NO
2025-09-10 14:48:55,TOWNS/USDT,SELL,68.09,0.0266,0.026687,NONE,NO,NO
2025-09-10 14:48:56,PYR/USDT,SELL,66.67,1.0700,1.072143,NONE,NO,NO
2025-09-10 14:48:58,ILV/USDT,SELL,61.11,15.0200,15.060000,NONE,NO,NO
2025-09-10 14:49:13,SAND/USDT,SELL,58.97,0.2951,0.295871,SHORT,NO,NO
2025-09-10 14:49:19,GALA/USDT,SELL,58.33,0.0170,0.017041,SHORT,NO,NO
2025-09-10 14:50:59,DOT/USDT,SELL,59.62,4.0750,4.087571,SHORT,NO,NO
2025-09-10 14:52:32,1000PEPE/USDT,SELL,58.51,0.0104,0.010424,SHORT,NO,NO
2025-09-10 14:53:17,PYR/USDT,SELL,57.14,1.0700,1.072286,SHORT,NO,NO
2025-09-10 14:53:27,ARB/USDT,SELL,56.34,0.5048,0.506729,NONE,NO,NO
2025-09-10 14:53:39,GALA/USDT,SELL,56.52,0.0170,0.017054,SHORT,NO,NO
2025-09-10 14:59:33,MYX/USDT,SELL,58.34,16.8722,17.593186,NONE,NO,NO
2025-09-10 15:01:44,MYX/USDT,SELL,63.79,16.8111,17.538457,SHORT,NO,NO
2025-09-10 15:03:54,MYX/USDT,SELL,66.47,16.6256,17.282457,SHORT,NO,NO
2025-09-10 15:06:04,MYX/USDT,SELL,60.42,16.4994,17.154857,SHORT,NO,NO
2025-09-10 15:08:15,MYX/USDT,SELL,59.12,16.4380,17.112771,SHORT,NO,NO
2025-09-10 15:10:26,MYX/USDT,SELL,64.77,16.5937,17.268300,SHORT,NO,NO
2025-09-10 15:12:37,MYX/USDT,SELL,62.07,16.6409,17.256929,SHORT,NO,NO
2025-09-10 15:14:47,MYX/USDT,SELL,68.24,17.0259,17.694714,SHORT,NO,NO
2025-09-10 16:37:34,AAVE/USDT,BUY,42.29,300.3000,298.591429,SHORT,NO,NO
2025-09-10 16:57:34,APE/USDT,BUY,42.05,0.6170,0.614529,NONE,NO,NO
2025-09-10 16:59:03,ORDI/USDT,BUY,38.71,9.6870,9.612857,NONE,NO,NO
2025-09-10 16:59:46,APE/USDT,BUY,42.70,0.6171,0.614614,LONG,NO,NO
2025-09-10 17:01:15,ORDI/USDT,BUY,43.73,9.7130,9.637714,LONG,NO,NO
2025-09-10 17:30:08,EPIC/USDT,BUY,44.23,2.0360,2.020857,NONE,NO,NO
2025-09-10 17:30:11,LTC/USDT,BUY,43.61,114.7500,114.347143,NONE,NO,NO
2025-09-10 17:31:57,SEI/USDT,BUY,39.29,0.3186,0.316214,NONE,NO,NO
2025-09-10 17:31:59,RAY/USDT,BUY,42.25,3.4730,3.451000,NONE,NO,NO
2025-09-10 17:32:18,EPIC/USDT,BUY,43.40,2.0350,2.019429,LONG,NO,NO
2025-09-10 17:32:21,LTC/USDT,BUY,41.86,114.7100,114.297143,LONG,NO,NO
2025-09-10 17:33:39,DOGE/USDT,BUY,44.20,0.2434,0.241931,NONE,NO,NO
2025-09-10 17:33:48,BNB/USDT,BUY,37.40,901.1600,897.231429,NONE,NO,NO
2025-09-10 17:34:07,SEI/USDT,BUY,43.75,0.3184,0.316129,LONG,NO,NO
2025-09-10 17:34:09,RAY/USDT,BUY,44.78,3.4690,3.447286,LONG,NO,NO
2025-09-10 17:34:15,TON/USDT,BUY,38.46,3.1290,3.119571,NONE,NO,NO
2025-09-10 17:34:31,LTC/USDT,BUY,32.89,114.4000,113.971429,LONG,NO,NO
2025-09-10 17:34:36,ARB/USDT,BUY,44.19,0.5187,0.514214,NONE,NO,NO
2025-09-10 17:35:58,BNB/USDT,BUY,38.47,901.5000,897.381429,LONG,NO,NO
2025-09-10 17:36:25,TON/USDT,BUY,42.11,3.1330,3.123571,LONG,NO,NO
2025-09-10 17:36:42,LTC/USDT,BUY,36.96,114.4800,114.042857,LONG,NO,NO
2025-09-10 17:38:09,BNB/USDT,BUY,43.83,902.5900,898.447143,LONG,NO,NO
2025-09-10 17:38:28,SEI/USDT,BUY,44.30,0.3185,0.316243,LONG,NO,NO
2025-09-10 17:38:35,TON/USDT,BUY,40.54,3.1320,3.122429,LONG,NO,NO
2025-09-10 17:38:51,LTC/USDT,BUY,35.66,114.4300,113.984286,LONG,NO,NO
2025-09-10 17:40:18,BNB/USDT,BUY,40.93,900.6400,896.315714,LONG,NO,NO
2025-09-10 17:42:29,BNB/USDT,BUY,41.65,901.0000,896.968571,LONG,NO,NO
2025-09-10 17:42:38,APT/USDT,BUY,39.24,4.4670,4.447000,NONE,NO,NO
2025-09-10 17:42:54,XLM/USDT,BUY,38.46,0.3842,0.382514,NONE,NO,NO
2025-09-10 17:43:14,APT/USDT,BUY,39.24,4.4670,4.447000,LONG,NO,NO
2025-09-10 17:44:39,BNB/USDT,BUY,43.55,901.4700,897.355714,LONG,NO,NO
2025-09-10 17:44:42,XRP/USDT,BUY,38.62,3.0060,2.994086,NONE,NO,NO
2025-09-10 17:44:48,APT/USDT,BUY,41.46,4.4700,4.449714,LONG,NO,NO
2025-09-10 17:45:04,XLM/USDT,BUY,41.54,0.3844,0.382800,LONG,NO,NO
2025-09-10 17:46:49,BNB/USDT,BUY,40.76,901.8800,897.827143,LONG,NO,NO
2025-09-10 17:47:14,XLM/USDT,BUY,38.03,0.3838,0.382071,LONG,NO,NO
2025-09-10 17:48:55,FLOKI/USDT,BUY,35.12,0.0001,0.000097,NONE,NO,NO
2025-09-10 17:48:59,BNB/USDT,BUY,42.64,902.2100,898.331429,LONG,NO,NO
2025-09-10 17:49:32,AAVE/USDT,BUY,38.53,304.1700,302.332857,NONE,NO,NO
2025-09-10 17:51:08,ETH/USDT,BUY,35.20,4412.0700,4394.442857,NONE,NO,NO
2025-09-10 17:53:19,ETH/USDT,BUY,33.76,4409.1500,4391.097143,LONG,NO,NO
2025-09-10 18:32:58,PYR/USDT,SELL,56.25,1.0780,1.082286,NONE,NO,NO
2025-09-10 18:43:21,LINK/USDT,SELL,60.53,23.7200,23.817143,NONE,NO,NO
