TradeID,Timestamp Entry,Timestamp Exit,Symbol,Position,Entry Price,Exit Price,Entry RSI,PnL,Close Reason
4cc4e029,2025-09-08 13:01:59,2025-09-08 14:07:48,OP/USDT,LONG,0.7378,0.7345,32.54,-0.005508,STOP
cf322fa0,2025-09-08 13:06:41,2025-09-08 14:05:43,APE/USDT,LONG,0.5934,0.5908,36.36,-0.004376,STOP
f63fba3b,2025-09-08 13:08:57,2025-09-08 14:07:58,GALA/USDT,LONG,0.0166,0.0165,44.83,-0.000130,STOP
59707808,2025-09-08 13:10:42,2025-09-08 14:29:18,AAVE/USDT,LONG,301.5700,300.3000,35.21,-2.172806,STOP
b779dd80,2025-09-08 13:11:01,2025-09-08 15:21:40,ICP/USDT,LONG,4.8650,4.8750,32.91,-0.004610,SIGNAL
9d1dd5d1,2025-09-08 13:30:32,2025-09-08 14:05:24,TOWNS/USDT,LONG,0.0284,0.0280,26.49,-0.000575,STOP
40c5bb47,2025-09-08 13:52:00,2025-09-08 13:58:33,ARKM/USDT,LONG,0.5510,0.5380,35.29,-0.014634,STOP
b5e282d0,2025-09-08 14:07:01,,XRP/USDT,LONG,2.9409,,39.71,,
7e966c25,2025-09-08 14:07:03,2025-09-08 14:31:00,LINK/USDT,LONG,23.0500,22.9100,38.64,-0.208940,STOP
c270d0d1,2025-09-08 14:07:09,2025-09-08 14:35:27,SUI/USDT,LONG,3.4606,3.4483,26.36,-0.022663,STOP
f09b7117,2025-09-08 14:09:33,2025-09-08 14:16:05,ADA/USDT,LONG,0.8533,0.8492,41.55,-0.006654,STOP
454f43eb,2025-09-08 14:09:43,2025-09-08 14:57:31,PROVE/USDT,LONG,0.8961,0.8972,24.59,-0.001590,SIGNAL
fe0fd445,2025-09-08 14:11:40,,RAY/USDT,LONG,3.3410,,44.74,,
cb7645f7,2025-09-08 14:30:57,,SOL/USDT,LONG,213.2100,,18.02,,
9f7bc069,2025-09-08 14:51:21,2025-09-08 14:55:42,APE/USDT,SHORT,0.5928,0.5945,74.14,-0.003481,STOP
8b22b60e,2025-09-08 14:52:48,2025-09-08 16:02:18,WIF/USDT,SHORT,0.8460,0.8510,62.50,-0.007546,STOP
97efd39a,2025-09-08 14:52:50,2025-09-08 16:08:50,ORDI/USDT,SHORT,9.1890,9.2420,67.21,-0.080647,STOP
49a66f82,2025-09-08 14:53:06,2025-09-08 16:11:16,DOT/USDT,SHORT,4.0230,4.0410,61.70,-0.030096,STOP
50dd8562,2025-09-08 14:54:39,2025-09-08 16:08:29,1000PEPE/USDT,SHORT,0.0101,0.0102,64.67,-0.000083,STOP
de4bb5d4,2025-09-08 14:54:42,2025-09-08 16:12:52,FLOKI/USDT,SHORT,0.0001,0.0001,65.56,-0.000001,STOP
3a591676,2025-09-08 14:54:55,2025-09-08 15:57:51,APT/USDT,SHORT,4.3520,4.3640,58.62,-0.025074,STOP
e4a8fe2a,2025-09-08 14:55:02,2025-09-08 16:08:51,TIA/USDT,SHORT,1.6850,1.6930,57.89,-0.013067,STOP
d56b0136,2025-09-08 14:55:03,2025-09-08 17:36:19,ARKM/USDT,SHORT,0.5410,0.5490,63.16,-0.009635,STOP
969900c2,2025-09-08 14:55:25,2025-09-08 15:32:16,ILV/USDT,SHORT,14.5600,14.6400,65.22,-0.123800,STOP
c0af60c9,2025-09-08 14:55:46,2025-09-08 15:56:32,GALA/USDT,SHORT,0.0166,0.0167,60.00,-0.000120,STOP
74d4c092,2025-09-08 14:57:16,2025-09-08 15:51:30,SEI/USDT,SHORT,0.2982,0.3001,56.94,-0.002797,STOP
b247f5c3,2025-09-08 14:57:32,,TOWNS/USDT,SHORT,0.0278,,67.86,,
2608cf22,2025-09-08 14:59:41,2025-09-08 15:40:54,PROVE/USDT,SHORT,0.8970,0.9121,56.68,-0.017814,STOP
76fb5d8e,2025-09-08 15:16:26,2025-09-08 15:35:57,ETH/USDT,SHORT,4309.1400,4319.6900,57.90,-23.493250,STOP
5a0a2a08,2025-09-08 15:16:45,2025-09-08 15:47:08,AVAX/USDT,SHORT,25.1700,25.2500,61.54,-0.155630,STOP
31af9f9c,2025-09-08 15:16:55,2025-09-08 15:29:55,HBAR/USDT,SHORT,0.2228,0.2234,67.19,-0.001309,STOP
c732d86b,2025-09-08 15:21:15,2025-09-08 16:09:03,TON/USDT,SHORT,3.0890,3.0970,58.06,-0.017279,STOP
fc98d487,2025-09-08 15:21:32,2025-09-08 15:49:44,ATOM/USDT,SHORT,4.5230,4.5370,63.79,-0.027590,STOP
ffd167b1,2025-09-08 15:21:36,2025-09-08 15:36:46,ARB/USDT,SHORT,0.4992,0.5016,62.16,-0.003901,STOP
eba3a8a4,2025-09-08 15:21:39,2025-09-08 15:43:21,NEAR/USDT,SHORT,2.5060,2.5170,59.26,-0.018535,STOP
99082cf8,2025-09-08 15:23:02,2025-09-08 15:42:34,LINK/USDT,SHORT,23.0000,23.1200,68.57,-0.189180,STOP
ea84c3aa,2025-09-08 15:23:50,2025-09-08 16:07:18,ICP/USDT,SHORT,4.8730,4.8930,64.15,-0.034649,STOP
5429f085,2025-09-08 15:24:59,2025-09-08 15:33:39,DOGE/USDT,SHORT,0.2332,0.2342,55.29,-0.001731,STOP
f56b2274,2025-09-08 15:51:33,,MYX/USDT,LONG,6.4879,,30.76,,
bf913476,2025-09-08 16:13:34,,PYR/USDT,SHORT,1.0620,,60.00,,
f6c048f8,2025-09-08 16:24:27,,EPIC/USDT,SHORT,2.0810,,55.56,,
df8fdba4,2025-09-08 16:52:16,,BTC/USDT,LONG,112176.2100,,39.31,,
e719abf9,2025-09-08 16:57:03,,ADA/USDT,LONG,0.8578,,44.88,,
fd600132,2025-09-08 16:58:40,,DOGE/USDT,LONG,0.2361,,26.69,,
a85585dc,2025-09-08 17:01:30,,HBAR/USDT,LONG,0.2248,,41.44,,
3747f320,2025-09-08 17:27:51,,PROVE/USDT,SHORT,0.8948,,68.72,,
39fe0201,2025-09-08 18:56:13,2025-09-09 16:27:14,ARKM/USDT,LONG,0.5640,0.6450,37.04,0.079187,SIGNAL
b19eb031,2025-09-08 19:10:00,2025-09-08 19:39:22,ETH/USDT,LONG,4362.2900,4345.6400,31.46,-29.711903,STOP
f0a38b02,2025-09-08 19:10:13,2025-09-08 19:17:06,SUI/USDT,LONG,3.4925,3.4772,34.26,-0.025755,STOP
fec0cad7,2025-09-08 19:10:37,2025-09-08 19:51:02,AAVE/USDT,LONG,306.9500,305.7600,38.44,-2.109066,STOP
9a5ac84a,2025-09-08 19:12:08,2025-09-08 23:06:48,1000PEPE/USDT,LONG,0.0103,0.0102,42.95,-0.000135,STOP
8fd1ed1f,2025-09-08 19:12:12,2025-09-08 23:19:41,FLOKI/USDT,LONG,0.0001,0.0001,42.11,-0.000001,STOP
3fd2c343,2025-09-08 19:12:47,2025-09-08 19:17:25,HBAR/USDT,LONG,0.2270,0.2261,44.27,-0.001520,STOP
c2a39fba,2025-09-08 19:12:51,2025-09-08 19:17:28,ONDO/USDT,LONG,0.9405,0.9341,37.74,-0.009212,STOP
f2591476,2025-09-08 19:13:16,2025-09-08 19:47:00,APE/USDT,LONG,0.5983,0.5961,44.83,-0.003992,STOP
f062e9d8,2025-09-08 19:14:54,2025-09-08 23:19:59,ORDI/USDT,LONG,9.3290,9.2020,42.93,-0.154797,STOP
e0e9d095,2025-09-08 19:15:28,2025-09-08 23:46:16,ATOM/USDT,LONG,4.5660,4.5200,41.89,-0.059629,STOP
d4d94c98,2025-09-08 19:15:38,2025-09-08 19:51:24,SAND/USDT,LONG,0.2971,0.2961,44.44,-0.001890,STOP
f4899d83,2025-09-08 19:17:25,2025-09-08 23:20:15,HBAR/USDT,LONG,0.2261,0.2246,37.61,-0.002236,STOP
808a97fb,2025-09-08 19:18:00,2025-09-08 23:46:31,GALA/USDT,LONG,0.0169,0.0167,44.44,-0.000230,STOP
d6860fe1,2025-09-08 19:21:52,2025-09-08 23:20:03,AVAX/USDT,LONG,25.6300,25.3200,43.90,-0.386425,STOP
e052f1c6,2025-09-08 19:27:14,2025-09-08 19:48:54,PYR/USDT,LONG,1.0680,1.0630,44.44,-0.008197,STOP
5a779e71,2025-09-08 19:46:56,2025-09-08 23:46:22,NEAR/USDT,LONG,2.5590,2.5420,44.44,-0.024652,STOP
71b8ad4c,2025-09-08 19:51:05,2025-09-08 23:20:22,TOWNS/USDT,LONG,0.0277,0.0272,43.70,-0.000622,STOP
5e5e07a1,2025-09-09 00:03:29,2025-09-09 00:52:28,TON/USDT,SHORT,3.0930,3.1020,58.82,-0.018293,STOP
d3dc6b97,2025-09-09 00:10:10,2025-09-09 00:25:30,AAVE/USDT,SHORT,301.6300,302.5000,60.61,-1.776195,STOP
74b9dbb1,2025-09-09 00:10:17,2025-09-09 00:19:02,ILV/USDT,SHORT,14.5700,14.6200,57.89,-0.093785,STOP
d9d50880,2025-09-09 00:10:19,2025-09-09 00:19:03,EPIC/USDT,SHORT,1.9880,1.9980,67.39,-0.015979,STOP
e88144c0,2025-09-09 00:10:29,2025-09-09 00:19:14,NEAR/USDT,SHORT,2.5500,2.5660,56.76,-0.023674,STOP
4c4898bd,2025-09-09 00:11:44,2025-09-09 00:22:41,FLOKI/USDT,SHORT,0.0001,0.0001,55.50,-0.000001,STOP
c4932d4d,2025-09-09 00:16:30,2025-09-09 00:55:55,AVAX/USDT,SHORT,25.3500,25.4300,55.17,-0.156170,STOP
90e91207,2025-09-09 01:27:21,2025-09-09 01:56:52,BNB/USDT,LONG,880.2100,878.7600,39.53,-4.088456,STOP
1bba3d46,2025-09-09 01:57:01,2025-09-09 05:27:17,APT/USDT,LONG,4.4010,4.3810,35.29,-0.033173,STOP
9cbf04b0,2025-09-09 01:57:02,2025-09-09 04:40:01,SUI/USDT,LONG,3.4824,3.4634,34.56,-0.029419,STOP
c8c9ea35,2025-09-09 01:57:05,2025-09-09 05:27:22,ORDI/USDT,LONG,9.2970,9.2050,38.20,-0.119753,STOP
ca1b29d2,2025-09-09 01:57:23,2025-09-09 06:27:49,DOT/USDT,LONG,4.0490,4.0210,17.86,-0.040105,STOP
213d4324,2025-09-09 01:57:24,2025-09-09 06:27:51,ONDO/USDT,LONG,0.9332,0.9301,31.34,-0.005895,STOP
7c44c561,2025-09-09 01:57:26,2025-09-09 03:02:31,AAVE/USDT,LONG,304.0900,303.2000,33.51,-1.800935,STOP
852a5f9d,2025-09-09 01:57:59,2025-09-09 05:40:41,ATOM/USDT,LONG,4.5450,4.5300,42.86,-0.028613,STOP
e609d186,2025-09-09 01:58:03,2025-09-09 02:30:27,OP/USDT,LONG,0.7534,0.7504,30.19,-0.005256,STOP
7eff3a51,2025-09-09 01:58:05,2025-09-09 02:30:29,NEAR/USDT,LONG,2.5830,2.5740,39.13,-0.016736,STOP
505b6575,2025-09-09 02:15:15,2025-09-09 03:38:58,PYR/USDT,LONG,1.0660,1.0630,33.33,-0.006194,STOP
ec1a64fa,2025-09-09 03:54:12,2025-09-09 04:55:43,OP/USDT,LONG,0.7604,0.7503,32.96,-0.012366,STOP
f8c48f82,2025-09-09 08:29:49,2025-09-09 14:41:54,XRP/USDT,LONG,2.9559,3.0078,40.00,0.042954,SIGNAL
9f36bae9,2025-09-09 10:04:40,2025-09-09 10:06:51,TOWNS/USDT,LONG,0.0280,0.0277,34.37,-0.000384,STOP
e96c25cb,2025-09-09 10:24:16,2025-09-09 15:41:21,PYR/USDT,LONG,1.0830,1.0770,33.33,-0.009240,STOP
d27a42ad,2025-09-09 10:34:45,2025-09-09 15:36:37,ORDI/USDT,LONG,9.4740,9.4090,39.47,-0.093325,STOP
6e6d79af,2025-09-09 10:36:33,2025-09-09 18:56:06,DOGE/USDT,LONG,0.2406,0.2385,44.52,-0.002829,STOP
c95fc9b2,2025-09-09 10:39:08,2025-09-09 16:31:32,TIA/USDT,LONG,1.7600,1.8800,40.48,0.114540,SIGNAL
88702027,2025-09-09 10:45:38,2025-09-09 15:40:56,WIF/USDT,LONG,0.8950,0.8870,40.74,-0.010673,STOP
68ccb7cd,2025-09-09 10:48:05,2025-09-09 16:49:02,HBAR/USDT,LONG,0.2310,0.2315,40.85,-0.000234,SIGNAL
0ae127ae,2025-09-09 10:48:32,2025-09-09 16:53:48,APE/USDT,LONG,0.6109,0.6158,35.79,0.003060,SIGNAL
688a5f1b,2025-09-09 10:50:07,2025-09-09 15:41:03,SEI/USDT,LONG,0.3157,0.3133,41.33,-0.003344,STOP
98df6c61,2025-09-09 10:50:42,2025-09-09 14:03:37,SAND/USDT,LONG,0.3017,0.3002,35.19,-0.002403,STOP
d0708d5e,2025-09-09 10:50:48,2025-09-09 15:35:13,GALA/USDT,LONG,0.0174,0.0173,41.67,-0.000182,STOP
bb896b8d,2025-09-09 10:52:16,2025-09-09 18:25:29,AVAX/USDT,LONG,25.8700,25.9300,36.54,-0.017700,SIGNAL
8efc81ef,2025-09-09 10:58:52,2025-09-09 16:07:47,MYX/USDT,LONG,15.9892,14.7563,44.18,-1.279019,STOP
58d7057b,2025-09-09 10:59:00,2025-09-09 18:25:41,DOT/USDT,LONG,4.1230,4.0730,29.03,-0.062294,STOP
f851df8d,2025-09-09 10:59:09,2025-09-09 18:01:38,ILV/USDT,LONG,15.0600,14.9500,30.00,-0.155015,STOP
3ce45d2c,2025-09-09 11:02:55,2025-09-09 16:22:42,LINK/USDT,LONG,23.6400,23.5100,41.30,-0.200725,STOP
fed6c6dd,2025-09-09 11:04:59,2025-09-09 12:33:55,BTC/USDT,LONG,113011.4000,112974.4900,43.53,-375.888853,SIGNAL
09a80797,2025-09-09 11:07:12,2025-09-09 14:39:38,BNB/USDT,LONG,882.7600,880.7200,40.92,-4.685221,STOP
9c74cf45,2025-09-09 11:07:45,2025-09-09 14:55:34,AAVE/USDT,LONG,307.4100,305.6800,32.94,-2.649636,STOP
e955f86d,2025-09-09 11:13:39,2025-09-09 11:33:08,FLOKI/USDT,LONG,0.0001,0.0001,44.16,-0.000000,SIGNAL
af74fb67,2025-09-09 11:13:45,2025-09-09 13:59:03,SOL/USDT,LONG,218.8000,217.6700,40.13,-1.784706,STOP
e612c443,2025-09-09 11:14:07,2025-09-09 14:37:51,ADA/USDT,LONG,0.8875,0.8854,43.92,-0.004759,SIGNAL
597c75cc,2025-09-09 11:18:25,2025-09-09 13:59:23,RAY/USDT,LONG,3.4150,3.3900,42.62,-0.035208,STOP
b8d60a88,2025-09-09 11:33:11,2025-09-10 15:33:57,ETH/USDT,SHORT,4364.6300,4375.8000,58.42,-24.280651,STOP
12b5f2c8,2025-09-09 11:35:17,2025-09-09 13:11:45,FLOKI/USDT,SHORT,0.0001,0.0001,63.31,-0.000001,STOP
304d8276,2025-09-09 11:37:42,2025-09-09 11:48:34,SUI/USDT,LONG,3.6031,3.5879,43.16,-0.025987,STOP
130dcbf3,2025-09-09 11:40:34,,ICP/USDT,SHORT,5.0060,,56.92,,
c77f3d84,2025-09-09 11:55:42,2025-09-09 13:59:47,LTC/USDT,LONG,114.1500,113.6100,43.45,-0.881640,STOP
210a1c58,2025-09-09 11:57:49,2025-09-09 13:59:44,EPIC/USDT,LONG,2.0600,2.0440,44.44,-0.022156,STOP
b85ce224,2025-09-09 12:10:20,2025-09-09 18:25:18,TRX/USDT,LONG,0.3371,0.3353,25.00,-0.002809,STOP
ecded2c7,2025-09-09 14:39:31,2025-09-09 15:16:42,1000PEPE/USDT,SHORT,0.0107,0.0108,61.98,-0.000092,STOP
21c1822e,2025-09-09 14:40:03,2025-09-09 15:06:21,ADA/USDT,SHORT,0.8852,0.8879,61.45,-0.005360,STOP
9754dcf3,2025-09-09 14:40:11,2025-09-09 15:17:21,ONDO/USDT,SHORT,0.9698,0.9760,57.82,-0.009119,STOP
67ecb052,2025-09-09 14:46:41,2025-09-09 15:10:45,TON/USDT,SHORT,3.1290,3.1390,60.00,-0.019402,STOP
d3a586a3,2025-09-09 14:55:41,2025-09-09 15:37:03,EPIC/USDT,LONG,2.0590,2.0470,44.12,-0.018159,STOP
177e463d,2025-09-09 15:25:42,2025-09-10 06:41:14,SUI/USDT,SHORT,3.5844,3.5344,55.70,0.039322,SIGNAL
7a8d90ef,2025-09-09 16:29:24,2025-09-09 17:14:02,ARKM/USDT,SHORT,0.6500,0.6730,65.91,-0.024985,STOP
c591757b,2025-09-09 16:31:50,2025-09-10 16:37:34,AAVE/USDT,SHORT,304.4200,300.3000,57.47,3.212922,SIGNAL
1194d702,2025-09-09 16:42:40,2025-09-09 18:54:39,PROVE/USDT,SHORT,0.8898,0.8980,86.62,-0.010882,STOP
11cb25e1,2025-09-09 16:45:04,2025-09-10 11:14:09,OP/USDT,SHORT,0.7780,0.7714,71.08,0.004276,SIGNAL
8f5059cb,2025-09-09 16:46:37,2025-09-10 07:26:55,WIF/USDT,SHORT,0.8870,0.8960,68.75,-0.011675,STOP
05c03156,2025-09-09 16:48:59,2025-09-10 16:06:58,XLM/USDT,SHORT,0.3813,0.3841,56.82,-0.003948,STOP
81d68d3a,2025-09-09 16:49:19,2025-09-10 13:34:59,ATOM/USDT,SHORT,4.6090,4.6460,59.21,-0.050883,STOP
8634472e,2025-09-09 16:51:12,2025-09-10 10:25:48,HBAR/USDT,SHORT,0.2313,0.2327,58.45,-0.002086,STOP
16b4ed53,2025-09-09 18:01:15,2025-09-09 18:25:27,ARKM/USDT,LONG,0.6560,0.6400,35.38,-0.017944,STOP
ebd38174,2025-09-09 19:07:32,2025-09-09 22:10:31,MYX/USDT,LONG,16.9445,15.4960,44.99,-1.497161,STOP
3a471397,2025-09-09 19:18:16,2025-09-09 22:25:20,XRP/USDT,SHORT,2.9580,2.9685,71.39,-0.019390,STOP
abce6488,2025-09-09 19:18:35,2025-09-09 22:25:38,RAY/USDT,SHORT,3.3080,3.3280,72.41,-0.029954,STOP
f94109ca,2025-09-09 19:22:43,2025-09-09 20:16:09,BNB/USDT,SHORT,873.1000,875.5900,55.47,-5.113036,STOP
36a95894,2025-09-09 19:27:30,2025-09-09 20:16:33,ADA/USDT,SHORT,0.8592,0.8656,65.92,-0.008987,STOP
3064ae6a,2025-09-09 19:31:22,2025-09-09 22:03:29,DOGE/USDT,SHORT,0.2388,0.2408,59.57,-0.002649,STOP
e915eadc,2025-09-09 19:50:48,2025-09-09 21:33:32,LTC/USDT,SHORT,111.5500,111.9100,67.63,-0.695190,STOP
28882081,2025-09-09 22:01:42,2025-09-09 22:29:53,ARKM/USDT,SHORT,0.6240,0.6310,58.82,-0.008883,STOP
a96438b2,2025-09-09 22:10:13,2025-09-10 14:04:49,LINK/USDT,LONG,22.9800,23.3800,31.58,0.330460,SIGNAL
da748960,2025-09-09 22:10:36,2025-09-10 14:42:15,TON/USDT,LONG,3.0910,3.0990,37.04,-0.001285,SIGNAL
39785fd6,2025-09-09 22:10:40,2025-09-10 02:33:27,ONDO/USDT,LONG,0.9532,0.9486,43.12,-0.007453,STOP
82ea0895,2025-09-10 03:05:31,2025-09-10 04:37:54,MYX/USDT,SHORT,14.7200,15.9614,58.19,-1.287423,STOP
2992d2b1,2025-09-10 05:22:09,2025-09-10 07:27:13,DOT/USDT,LONG,4.1360,4.1170,43.48,-0.031380,STOP
ddb06045,2025-09-10 06:09:32,,AVAX/USDT,LONG,26.0600,,33.33,,
890cf84b,2025-09-10 08:52:12,2025-09-10 11:20:07,ARKM/USDT,SHORT,0.6100,0.6090,61.54,-0.000828,SIGNAL
ca910699,2025-09-10 09:03:22,2025-09-10 10:25:43,ADA/USDT,SHORT,0.8734,0.8809,58.10,-0.010131,STOP
65f29255,2025-09-10 09:03:28,2025-09-10 09:31:45,DOT/USDT,SHORT,4.0920,4.1050,61.54,-0.025296,STOP
6ce4b845,2025-09-10 09:05:04,2025-09-10 10:25:14,FLOKI/USDT,SHORT,0.0001,0.0001,59.02,-0.000001,STOP
2e1385b2,2025-09-10 09:25:15,2025-09-10 09:36:07,ONDO/USDT,SHORT,1.0094,1.0165,61.38,-0.010139,STOP
bcf9d820,2025-09-10 09:40:09,2025-09-10 10:29:53,WIF/USDT,SHORT,0.8830,0.8890,57.14,-0.008658,STOP
4d2ae36e,2025-09-10 10:25:57,2025-09-10 11:00:54,PYR/USDT,LONG,1.0770,1.0720,40.00,-0.008224,STOP
f9148de1,2025-09-10 11:13:15,2025-09-10 11:54:24,FLOKI/USDT,LONG,0.0001,0.0001,41.57,-0.000001,STOP
b926d0ab,2025-09-10 11:16:24,2025-09-10 11:22:55,SAND/USDT,LONG,0.2969,0.2958,43.33,-0.001989,STOP
8a2beb15,2025-09-10 11:18:36,2025-09-10 11:53:14,APE/USDT,LONG,0.6118,0.6100,44.59,-0.003633,STOP
641ef9fd,2025-09-10 11:22:01,2025-09-10 15:12:14,BNB/USDT,SHORT,883.5500,885.3500,58.10,-4.453351,STOP
a64ab9dd,2025-09-10 11:24:28,2025-09-10 13:56:18,ARKM/USDT,LONG,0.6090,0.6040,41.67,-0.006820,STOP
5e759d49,2025-09-10 11:28:54,2025-09-10 13:19:35,RAY/USDT,LONG,3.4150,3.3630,31.43,-0.062167,STOP
45dd1fbd,2025-09-10 11:30:44,2025-09-10 12:07:28,SOL/USDT,LONG,221.3400,220.2200,34.21,-1.782341,STOP
a62b7007,2025-09-10 11:39:26,2025-09-10 12:07:29,XRP/USDT,LONG,2.9731,2.9638,34.01,-0.018205,STOP
fd1a86ef,2025-09-10 11:58:45,2025-09-10 12:07:23,BTC/USDT,LONG,112394.7000,112131.0300,30.86,-600.458727,STOP
5b878859,2025-09-10 13:40:55,,TRX/USDT,LONG,0.3370,,35.29,,
6211c809,2025-09-10 14:04:46,2025-09-10 15:31:49,SOL/USDT,SHORT,220.2400,223.4200,70.59,-3.845492,STOP
29127005,2025-09-10 14:40:38,2025-09-10 15:19:45,GALA/USDT,SHORT,0.0170,0.0170,59.09,-0.000131,STOP
499a11d8,2025-09-10 14:42:01,2025-09-10 15:23:19,ORDI/USDT,SHORT,9.6010,9.6420,72.41,-0.069865,STOP
10b777c9,2025-09-10 14:42:04,2025-09-10 15:32:04,ARKM/USDT,SHORT,0.6080,0.6150,61.11,-0.008835,STOP
c3c11d16,2025-09-10 14:42:42,2025-09-10 15:06:36,SAND/USDT,SHORT,0.2948,0.2956,58.82,-0.001686,STOP
e9315182,2025-09-10 14:43:51,2025-09-10 15:09:56,1000PEPE/USDT,SHORT,0.0104,0.0104,55.46,-0.000079,STOP
e59cc0c8,2025-09-10 14:44:25,2025-09-10 15:10:31,TON/USDT,SHORT,3.0990,3.1050,55.00,-0.015306,STOP
7f832be9,2025-09-10 14:46:28,2025-09-10 15:23:25,SEI/USDT,SHORT,0.3097,0.3109,57.14,-0.002131,STOP
b3ad77ad,2025-09-10 14:48:49,2025-09-10 15:17:05,DOT/USDT,SHORT,4.0750,4.0900,59.62,-0.027248,STOP
f46fdae1,2025-09-10 14:48:55,2025-09-10 15:01:57,TOWNS/USDT,SHORT,0.0266,0.0268,68.09,-0.000330,STOP
96992aa6,2025-09-10 14:48:56,2025-09-10 15:36:46,PYR/USDT,SHORT,1.0700,1.0740,66.67,-0.007216,STOP
11917cea,2025-09-10 14:48:58,2025-09-10 14:53:18,ILV/USDT,SHORT,15.0200,15.0600,61.11,-0.085120,STOP
ad700ddd,2025-09-10 14:53:27,2025-09-10 15:21:43,ARB/USDT,SHORT,0.5048,0.5070,56.34,-0.003718,STOP
5cbf6e89,2025-09-10 14:59:33,2025-09-10 15:34:20,MYX/USDT,SHORT,16.8722,17.6170,58.34,-0.796534,STOP
33e1b2b0,2025-09-10 16:57:34,,APE/USDT,LONG,0.6170,,42.05,,
f5680177,2025-09-10 16:59:03,,ORDI/USDT,LONG,9.6870,,38.71,,
e66a033b,2025-09-10 17:30:08,2025-09-10 18:48:20,EPIC/USDT,LONG,2.0360,2.0200,44.23,-0.022084,STOP
9a2c9b95,2025-09-10 17:30:11,2025-09-10 17:43:11,LTC/USDT,LONG,114.7500,114.3100,43.61,-0.783590,STOP
22c11da8,2025-09-10 17:31:57,,SEI/USDT,LONG,0.3186,,39.29,,
98297151,2025-09-10 17:31:59,2025-09-10 17:58:03,RAY/USDT,LONG,3.4730,3.4460,42.25,-0.037379,STOP
0bd9c698,2025-09-10 17:33:39,,DOGE/USDT,LONG,0.2434,,44.20,,
3f640ad7,2025-09-10 17:33:48,2025-09-10 18:25:47,BNB/USDT,LONG,901.1600,897.1400,37.40,-6.717452,STOP
5196c8e6,2025-09-10 17:34:15,,TON/USDT,LONG,3.1290,,38.46,,
6d914936,2025-09-10 17:34:36,,ARB/USDT,LONG,0.5187,,44.19,,
97dc233c,2025-09-10 17:42:38,,APT/USDT,LONG,4.4670,,39.24,,
da02a1f3,2025-09-10 17:42:54,2025-09-10 18:30:35,XLM/USDT,LONG,0.3842,0.3820,38.46,-0.003349,STOP
b281736c,2025-09-10 17:44:42,,XRP/USDT,LONG,3.0060,,38.62,,
4e0ab64c,2025-09-10 17:48:55,,FLOKI/USDT,LONG,0.0001,,35.12,,
055b1abe,2025-09-10 17:49:32,,AAVE/USDT,LONG,304.1700,,38.53,,
ebb2cc69,2025-09-10 17:51:08,,ETH/USDT,LONG,4412.0700,,35.20,,
4035d64d,2025-09-10 18:32:58,,PYR/USDT,SHORT,1.0780,,56.25,,
839dfe75,2025-09-10 18:43:21,,LINK/USDT,SHORT,23.7200,,60.53,,
